Workbook

Sheet Trang tính1
A1: HỘI SINH VIÊN VIỆT NAM TP. HỒ CHÍ MINH BCH TRƯỜNG ĐẠI HỌC SÀI GÒN ____
A2: TỔNG HỢP VÀ PHÂN LOẠI HỒ SƠ TRÌNH HỘI ĐỒNG XÉT DUYỆT DANH HIỆU "SINH VIÊN 5 TỐT" CẤP TRƯỜNG
A3: STT | B3: HỌ VÀ TÊN | C3: MSSV | D3: KHOA | E3: ĐIỂM RÈN LUYỆN | F3: ĐIỂM HỌC TẬP | G3: SĐT | H3: ĐẠT TIÊU CHUẨN | M3: TIÊU BIỂU | N3: PHÂN LOẠI | O3: LINK HỒ SƠ | Q3: GHI CHÚ
H4: ĐẠO ĐỨC | I4: HỌC TẬP | J4: THỂ LỰC | K4: TÌNH NGUYỆN | L4: HỘI NHẬP | O4: BẢNG KHAI | P4: MINH CHỨNG
A6: 1 | B6: Hồ Anh Thư | C6: 3121200023 | D6: GIÁO DỤC CHÍNH TRỊ | E6: =VLOOKUP(C6,'Trang tính3'!$B$10:$H$377,7,0) -> 98 | F6: =VLOOKUP(C6,'Trang tính2'!$B$1:$D$175,3,0) -> 3.33 | H6: - Điển hình Thanh niên tiên tiến làm theo lời Bác khoa Giáo dục Chính trị năm học 2024 – 2025. - Thanh niên tiên tiến trường Đại học Sài Gòn làm theo lời Bác năm học 2024 – 2025. - Bài kỷ yếu trong Tọa đàm Bảo vệ nền tảng tư tưởng của Đảng trong đoàn viên, thanh niên thành phố Hồ Chí Minh chủ đề “Chúng tôi sẵn sàng”. | I6: - KLTN: Sử dụng sơ đồ tư duy trong dạy học môn Giáo dục kinh tế và pháp luật 10; xếp loại: Tốt. | J6: - Đạt danh hiệu “Thanh niên khỏe” trường Đại học Sài Gòn năm 2024. | K6: - Đề xuất bằng khen HSV TP về việc có thành tích xuất sắc trong CDTN MHX 2025 - Chiến dịch Xuân tình nguyện năm 2025 trường Đại học Sài Gòn. - Chiến dịch Mùa hè xanh 2025 trường Đại học Sài Gòn. | L6: - Giấy chứng nhận xuất sắc hoàn thành nhiệm vụ tại khu vực “ASEAN Explorer – Sinh viên Đại học Sài Gòn tự tin hội nhập”. - Chứng chỉ Aptis B1 do Hội đồng Anh cấp ngày 11/6/2025. - Số 304-QĐKT/TĐTN-VP Bằng khen của Thành Đoàn Thành phố Hồ Chí Minh về việc Hoàn thành xuất sắc công tác Đoàn và phong trào thanh niên khu vực trường học thuộc Thành Đoàn năm học 2024 – 2025. | N6: ĐẠT | O6: HỒ ANH THƯ - 3121200023 - GIÁO DỤC CHÍNH TRỊ - BẢNG KHAI THÀNH TÍCH CÁ NHÂN - 2024-2025.pdf | P6: HỒ ANH THƯ - 3121200023 - GIÁO DỤC CHÍNH TRỊ - BẢNG MINH CHỨNG THÀNH TÍCH CÁ NHÂN - 2025.pdf | Q6: 19 SV5T KHOA 8 SV5TTB KHOA
A7: 2 | B7: Trần Anh Thư | C7: 3122200012 | D7: GIÁO DỤC CHÍNH TRỊ | E7: =VLOOKUP(C7,'Trang tính3'!$B$10:$H$377,7,0) -> 95 | F7: =VLOOKUP(C7,'Trang tính2'!$B$1:$D$175,3,0) -> 3.78 | H7: Đạt giấy khen tham gia và có thành tích tốt Phần thi bài luận Hội thi Olympic các môn khoa học Mác - Lênin và tư tưởng Hồ Chí Minh trường Đại học Sài Gòn năm 2025. - Đạt danh hiệu Sao tháng thanh niên SGU “Nghĩ đúng sống đẹp” năm 2025. - Đạt danh hiệu “Thanh niên tiên tiến làm theo lời Bác khoa Giáo dục Chính trị năm học 2024- 2025” | I7: - Chủ nhiệm đề tài: Vấn đề Nhà nước trong tác phẩm “Nhà nước và cách mạng” của V.I.Lênin và sự vận dụng vào việc xây dựng Nhà nước pháp quyền xã hội chủ nghĩa ở Việt Nam hiện nay năm 2024 đạt loại xuất sắc. | J7: - Đạt danh hiệu “Thanh niên khỏe” trường Đại học Sài Gòn năm 2024. | K7: - Tham gia Chương trình “Tiếp sức mùa thi” năm 2025 (04 ngày) - Minh chứng 05 ngày tình nguyện: + 1 ngày : Hưởng ứng chủ nhật xanh + 1 ngày: Tình nguyện viên chương trình “CHO EM ĐẾN TRƯỜNG 2” tại xã Cô Tô, An Giang | L7: - Đạt Chứng chỉ Aptis B2 - Tham gia Nghiệp vụ Sư phạm khoa Giáo dục Chính trị - Đạt giấy chứng nhận tham gia Lớp tập huấn Kỹ năng xác định mục tiêu học tập - Đạt giấy chứng nhận Workshop AI thực chiến: Làm chủ công nghệ, bức phá thành công - Đạt giấy chứng nhận hoàn thành Chương trình “Phổ Cập AI” - Đạt giấy chứng nhận đã hoàn thành khóa học “Thanh niên tình nguyện hỗ trợ chính quyền địa phương hai cấp” - Tham gia cuộc thi “Sắc màu Đông Nam Á” - Đạt giấy chứng nhận Ngày hội sinh viên với ngoại ngữ năm 2025 chủ đề “GenZith HORIZON”. | N7: ĐẠT | O7: TRẦN ANH THƯ - 3122200012 - GIÁO DỤC CHÍNH TRỊ - BẢNG KHAI THÀNH TÍCH CÁ NHÂN.docx | P7: TRẦN ANH THƯ - 3122200012 - GIÁO DỤC CHÍNH TRỊ - MINH CHỨNG THÀNH TÍCH CÁ NHÂN.pdf
A8: 3 | B8: Võ Cẩm Giang | C8: 3122200003 | D8: GIÁO DỤC CHÍNH TRỊ | E8: =VLOOKUP(C8,'Trang tính3'!$B$10:$H$377,7,0) -> 93 | F8: =VLOOKUP(C8,'Trang tính2'!$B$1:$D$175,3,0) -> 3.90 | H8: - Đạt danh hiệu điển hình Thanh niên tiên tiến làm theo lời Bác Khoa Giáo dục Chính trị năm học 2024 – 2025. - Quyết định số 06 QĐCN/ĐTN-VP ngày 17/04/2025 của Ban Thường Vụ Đoàn Trường – Ban Thư Ký Hội sinh viên trường Đại học Sài Gòn danh hiệu “Sao tháng thanh niên SGU” năm học 2024 – 2025. - Tháng 5/2025: Giải Khuyến khích Hội thi “Học tập và làm theo tư tưởng, đạo đức, phong cách Hồ Chí Minh” – Chủ đề: “Người là niềm tin tất thắng”. - Giấy khen của Đảng ủy Phường 2 “đã tích cực tham gia đợt hoạt động kỷ niệm 135 năm ngày sinh Chủ tịch Hồ Chí Minh (19/05/1890 – 19/05/2025)”. | I8: - Tháng 5/2025: Giấy chứng nhận hoàn thành đề tài NCKH cấp Trường: “Nâng cao ý thức đạo đức của sinh viên Trường Đại học Sài Gòn trong giao tiếp mạng xã hội hiện nay” – Xếp loại Tốt | J8: - Đạt danh hiệu “Thanh niên khỏe” trường Đại học Sài Gòn năm 2024. | K8: Tháng 10/2024: Tham gia Workshop “Tôi chọn sống xanh” (1 lượt) Tháng 11/2024: Tham gia hiến máu tình nguyện (1 lượt) Tháng 05/2025: Tham gia hiến máu tình nguyện (1 lượt) Tháng 7/2025: Tham gia hoạt động “Vì đàn em thân yêu” lần thứ 15 (1 lượt) Tháng 9/2025: Tham gia hoạt động “Trung thu cho em” tại địa bàn Phường Phú Nhuận (1 lượt) Tháng 10/2025: Tham gia gây quỹ “Trung thu yêu thương – Sum vầy” (1 lượt) | L8: Aptis Esol B2 Tháng 5/2025: Giấy chứng nhận hoàn thành phổ cập AI Tháng 11/2024: Tham gia nghiệp vụ sư phạm cấp trường 2023 – 2024. Tháng 11/2024: Tham gia hội thi Nghiệp vụ Sư phạm khoa Giáo dục Chính trị năm 2024. - Tháng 5/2025: Tham gia trực tuyến cuộc thi “Sắc màu Đông Nam Á- Chặng 2: Bản lĩnh ASEAN” | N8: ĐẠT | O8: VÕ CẨM GIANG - 3122200003- KHOA GIÁO DỤC CHÍNH TRỊ - BẢNG KHAI THÀNH TÍCH CÁ NHÂN - 2024-2025.docx | P8: VÕ CẨM GIANG - 3122200003- KHOA GIÁO DỤC CHÍNH TRỊ - MINH CHỨNG THÀNH TÍCH CÁ NHÂN - 2025 (1).docx
A9: 4 | B9: Võ Thanh Quyền | C9: 3122200009 | D9: GIÁO DỤC CHÍNH TRỊ | E9: =VLOOKUP(C9,'Trang tính3'!$B$10:$H$377,7,0) -> 97 | F9: =VLOOKUP(C9,'Trang tính2'!$B$1:$D$175,3,0) -> 3.62 | H9: Đạt danh hiệu Sao tháng thanh niên SGU “Nghĩ đúng sống đẹp” năm 2025. Đạt danh hiệu “Thanh niên tiên tiến làm theo lời Bác khoa Giáo dục Chính trị năm học 2024 – 2025” | I9: - Đạt giải nhì “Hội thi tìm hiểu pháp luật trực tuyến năm 2025” do UBND Phường 2, Quận 5 tổ chức. | J9: - Đạt giấy chứng nhận đã tham gia Giải Việt dã Học sinh, Sinh viên TP. Hồ Chí Minh mở rộng năm 2025 Cúp “Chị Ngã Em Nâng” | K9: - Tham gia chương trình “Tiếp sức mùa thi” năm 2025 + Tham gia Ngày tình nguyện “Tôi chọn sống xanh” : 1 lượt + Tham gia hoạt động “Trồng cây gieo yêu thương” : 1 lượt + Tình nguyện viên đã tham gia Lễ đón, Lễ tiễn Tổng Bí thư, Chủ tịch Bước Cộng hòa Dân chủ Nhân dân Lào thăm Thành phố Hồ Chí Minh: 2 lượt + Tham gia lễ ra quân Tuổi trẻ Thành phố Bác xung kích xây dựng văn minh, mỹ quan đô thị: 1 lượt | L9: - Chứng chỉ Aptis B1 - Giấy chứng nhận đã hoàn thành khóa học “ Thanh niên tình nguyện hỗ trợ chính quyền địa phương hai cấp” - Giấy chứng nhận đã hoàn thành Khóa học Ứng dụng AI cho Thanh niên Việt Nam - Giấy chứng nhận đã tham gia chương trình Trang bị Kỹ năng nghề nghiệp - Giấy khen “Đã có đóng góp tích cực trong công tác Đoàn và phong trào thanh niên Trường Đại học Sài Gòn năm học 2024 – 2025” - Tham gia hành trình 5 tốt “Hội nhập cùng ASEAN” - Tháng 5/2025: Tham gia cuộc thi “Sắc màu Đông Nam Á” | N9: ĐẠT | O9: VÕ THANH QUYẾN - 3122200009 - GIÁO DỤC CHÍNH TRỊ - BẢNG KHAI THÀNH TÍCH CÁ NHÂN.docx | P9: VÕ THANH QUYẾN - 3122200009 - GIÁO DỤC CHÍNH TRỊ - BẢNG KHAI MINH CHỨNG (2).docx
A10: 5 | B10: Lê Thị Thùy Linh | C10: 3121200013 | D10: GIÁO DỤC CHÍNH TRỊ | E10: =VLOOKUP(C10,'Trang tính3'!$B$10:$H$377,7,0) -> 100 | F10: =VLOOKUP(C10,'Trang tính2'!$B$1:$D$175,3,0) -> 3.90 | H10: Đạt danh hiệu Thanh niên tiên tiến Trường Đại học Sài Gòn làm theo lời Bác năm học 2024 - 2025 theo Giấy chứng nhận số 43-GCN/ĐU ngày 12/5/2025 của Đảng ủy trường. Có thành tích tốt trong Phần thi bài luận Hội thi Olympic các môn khoa học Mác - Lênin và tư tưởng Hồ Chí Minh Trường Đại học Sài Gòn năm 2025 theo Giấy khen số 11-QĐKT/ĐTN-VP. Đánh giá chất lượng đoàn viên cuối năm đạt Hoàn thành xuất sắc nhiệm vụ. | I10: Hoàn thành khóa luận tốt nghiệp đạt loại 9.7 điểm với tên đề tài Nâng cao hiệu quả học tập phong cách tư duy Hồ ChíMinh trong sinh viên trường Đại học Sài Gòn hiện nay. | J10: Đạt danh hiệu Thanh niên khỏe trường Đại học Sài Gòn năm 2024 theo Giấy chứng nhận số 02 - QĐGCN/HSV ngày 05/10/2024. | K10: Đạt thành tích xuất sắc trong Chiến dịch Xuân Tình nguyện trường Đại học Sài Gòn lần thứ 17 năm 2025 theo Giấy khen số 02/QĐ-BTK ngày 25/01/2025. Tham gia và hoàn thành Chiến dịch Xuân tình nguyện Trường Đại học Sài Gòn lần thứ 17 năm 2025 theo Giấy chứng nhận số 02-QĐGCN/HSV. Tham gia chương trình Hoạt động trồng cây - gieo yêu thương tương ứng 01 ngày tình nguyện. Tham gia hoạt động Xuân tình nguyện Cụm hoạt động số 01 tương ứng 01 ngày tình nguyện. Tham gia Ngày Chủ nhật Xanh lần thứ 156 năm 2025 tương ứng 01 ngày tình nguyện. Tham gia hoạt động tình nguyện Theo dấu chân hạnh phúc năm học 2024 - 2025 tương ứng 01 ngày tình nguyện. Tham gia chương trình Ngày tình nguyện Tôi chọn Sống Xanh năm học 2024 - 2025 tương ứng 01 ngày tình nguyện. | L10: Đạt chứng chỉ tiếng Anh trình độ B1 theo khung tham chiếu châu Âu. Tham gia Chương trình giao lưu và tặng quà cho sinh viên Lào tại Ký túc xá Sinh viên Lào Thành phố Hồ Chí Minh ngày 01/02/2025 theo Giấy chứng nhận số 03 - QĐGCN/HSV. Xuất sắc hoàn thành nhiệm vụ tại khu vực ASEAN Explorer - Sinh viên Đại học Sài Gòn tự tin hội nhập năm 2024 theo Giấy chứng nhận số 01 - QĐGCN/HSV ngày 05/10/2024. Tham gia Buổi chuyên đề Ứng dụng kỹ năng số cho sinh viên trường Đại học Sài Gòn năm 2024 theo Giấy chứng nhận số 03 - QĐGCN/HSV ngày 29/11/2024. Tham gia Tập huấn chuyên đề An toàn giao thông và kỹ năng phòng tránh va chạm trong các hoạt động tình nguyện ngày 04/01/2025 theo Giấy chứng nhận số 01 - QĐGCN/HSV. Có chứng chỉ tin học quốc tế MOS. | M10: Đề xuất tiêu biểu | N10: ĐẠT | P10: 1. Lê Thị Thuỳ Linh
A11: 6 | B11: Nguyễn Thị Phương Khiêm | C11: 3122200005 | D11: GIÁO DỤC CHÍNH TRỊ | E11: =VLOOKUP(C11,'Trang tính3'!$B$10:$H$377,7,0) -> 98.5 | F11: =VLOOKUP(C11,'Trang tính2'!$B$1:$D$175,3,0) -> 3.71 | H11: Đánh giá chất lượng Đoàn viên cuối năm đạt Hoàn thành xuất sắc nhiệm vụ. Đạt danh hiệu "Thanh niên tiên tiến Trường Đại học Sài Gòn làm theo lời Bác" năm học 2024 - 2025 theo Giấy chứng nhận số 47-GCN/ĐU ngày 12/05/2025. | I11: Đạt danh hiệu Sinh viên 5 tốt cấp trường năm học 2024 - 2025. Đề tài nghiên cứu khoa học sinh viên được hội đồng khoa học cấp Trường nghiệm thu đánh giá loại tốt với tên đề tài:Văn hoá ứng xử của sinh viên Trường Đại học Sài Gòn - Thực | J11: Đạt danh hiệu "Thanh niên khỏe" trường Đại học Sài Gòn năm 2024 theo Giấy chứng nhận số 02-QĐGCN/HSV ngày 05/10/2024. Đạt giải Ba môn Cầu lông nữ tại Hội thao năm 2025 chào mừng Đại hội đại biểu Hội Sinh viên Việt Nam trường Đại học Sài Gòn lần thứ IX theo Giấy khen số 42/QĐ-BTK ngày 13/07/2025. | K11: Nhận Bằng khen của Ban Chấp hành Hội Sinh viên Thành phố Hồ Chí Minh vì đã có thành tích xuất sắc trong Chương trình "Tiếp sức mùa thi" năm 2025. Tham gia và hoàn thành Chiến dịch Mùa hè xanh 2024 và Chương trình Tiếp sức mùa thi 2025. Thực hiện hiến máu tình nguyện 03 lần vào các tháng 11/2024, 03/2025 và 07/2025. Tham gia 09 ngày tình nguyện trong chương trình Tiếp sức mùa thi 2025. Tham gia các hoạt động tình nguyện: "Theo dấu chân hạnh phúc", "Tôi chọn sống xanh", "Hoạt động trồng cây - gieo yêu thương", "Xuân Tình nguyện Cụm hoạt động số 1" và Ngày Chủ nhật Xanh lần thứ 156. | L11: Đạt chứng chỉ ngoại ngữ Aptis trình độ B2 theo khung tham chiếu châu Âu. Tham gia Ngày hội sinh viên với ngoại ngữ năm 2025 chủ đề "GenZith HORIZON". Tham gia Chương trình giao lưu và tặng quà cho sinh viên Lào tại Ký túc xá Sinh viên Lào Thành phố Hồ Chí Minh ngày 01/02/2025. Xuất sắc hoàn thành nhiệm vụ tại khu vực "ASEAN Explorer - Sinh viên Đại học Sài Gòn tự tin hội nhập" năm 2024. Nhận Giấy khen của Ban Chấp hành Đoàn trường vì có đóng góp tích cực trong công tác Đoàn và phong trào thanh niên năm học 2023 - 2024. Hoàn thành các khóa tập huấn kỹ năng: Xác định mục tiêu học tập, Workshop AI thực chiến, Ứng dụng kỹ năng số và tập huấn An toàn giao thông. Có chứng chỉ ứng dụng Công nghệ thông tin cơ bản và ứng dụng Công nghệ thông tin trong dạy học. | M11: Đề xuất tiêu biểu | N11: ĐẠT | P11: 2. NGUYỄN THỊ PHƯƠNG KHIÊM
A12: 7 | B12: Bùi Cao Ái Trân | C12: 3123430196 | D12: LUẬT | E12: =VLOOKUP(C12,'Trang tính3'!$B$10:$H$377,7,0) -> 100 | F12: =VLOOKUP(C12,'Trang tính2'!$B$1:$D$175,3,0) -> 3.1 | I12: Không đạt phần NCKH | N12: KHÔNG ĐẠT | O12: BÙI CAO ÁI TRÂN - 3123430196– KHOA LUẬT – BẢNG KHAI THÀNH TÍCH(1) (2).docx | P12: BÙI CAO ÁI TRÂN – MSSV 3123430196– KHOA LUẬT – MINH CHỨNG THÀNH TÍCH(2) (1)-trang.docx | Q12: 31 SV5T KHOA 7 SV5TTB KHOA
A13: 8 | B13: Bùi Thanh Xuân | C13: 3123430222 | D13: LUẬT | E13: =VLOOKUP(C13,'Trang tính3'!$B$10:$H$377,7,0) -> 89 | F13: =VLOOKUP(C13,'Trang tính2'!$B$1:$D$175,3,0) -> 3.79 | H13: - Là thành viên tham gia và đạt Giải ba Hội thi vẽ, thiết kế sản phẩm tuyên truyền chào mừng kỷ niệm 50 năm ngày giải phóng miền Nam,thống nhất đất nước 30/4/1975-30/4/2025 chủ đề “Trường Thọ trong tôi- Rạng ngời trang sử Việt” ( quyết định 119/QĐ-UBND ngày 20 tháng 3 năm 2025) | I13: -Đã tham gia viết bài tại DIỄN ĐÀN KHOA HỌC TRẺ “LUẬT HỌC MÙA XUÂN”- VNU-UL SPRING LAW FORUM Hội thảo chuyên để số 1 chủ đề "Xây dựng tổ chức bộ máy nhà nước tinh gọn, hoạt động hiệu lực, hiệu quả ở Việt Nam trong bối cảnh phát triển mới và những vẫn đề pháp lý đặt ra do Trường Đại học Luật, ĐHQGHN tổ chức từ ngày 11/04 đến ngày 12/04/2025 tại Hà Nội và được đưa vào kỷ yếu hội thảo. | J13: Đạt danh hiệu “ Thanh Niên Khỏe” 2025: GO! (KHXH&NV) | K13: - Đã có thành tích xuất sắc trong chiến dịch ra quân Chủ nhật xanh lần thứ 158 – 2025 -Tham gia quyên góp chương trình tình nguyện ngắn ngày “Dâng hương, dâng hoa Khu truyền thống cách mạng cuộc Tổng tiến công và nổi dậy xuân Mậu Thân 1968”. Đạt danh hiệu “ĐẠI SỨ ÁO XANH TÌNH NGUYỆN 2024” nhận ngày 24 tháng 12 năm 2024 từ BCH đoàn phường. | L13: Bằng APTIS ESOL GENERAL loại B1 của Hội Đồng Anh Việt Nam cấp ngày 28.08.2025 -Tham gia Tọa đàm “ Hành trang hành nghề Luật sư – Những kỹ năng không thể thiếu” ngày 27 tháng 3 năm 2025 -Tham gia vòng sơ loại Cuộc Thi Law Changllange” năm 2025 ngày 8 tháng 3 năm 2025 - Tham gia “ Cuộc thi Hòa giải thương mại Việt Nam 2025”- VIETNAM MEDIATION MOOT – VMED 2025 -Tập thể Chi đoàn Thanh niên khu phố 22: Đã có thành tích xuất sắc trong công tác đoàn và phong trào thanh thiếu nhi năm 2024 (quyết định số 103-QĐKT/ĐTN ngày 23 tháng 1 năm 2025 BTV đoàn phường) - Đạt thành tích xuất sắc trong hoạt động Hè phường Thủ Đức 2025 - Tham gia Chuyên đề “TUYÊN TRUYỀN PHÒNG, NGỪA TỘI PHẠM LỪA ĐẢO QUA MẠNG XÃ HỘI TRONG BỐI CẢNH CHUYỂN ĐỔI SỐ” | N13: ĐẠT | O13: BÙI THANH XUÂN -3123430222-Khoa Luật- BẢNG KHAI THÀNH TÍCH (1).docx | P13: BÙI THANH XUÂN - 3123430222 - Khoa Luật -MINH CHỨNG THÀNH TÍCH (1).docx
A14: 9 | B14: Đỗ Lê Kim Yến | C14: 3123430228 | D14: LUẬT | E14: =VLOOKUP(C14,'Trang tính3'!$B$10:$H$377,7,0) -> 90.5 | F14: =VLOOKUP(C14,'Trang tính2'!$B$1:$D$175,3,0) -> 3.66 | I14: Không đạt phần "tiêu chuẩn khác" | N14: KHÔNG ĐẠT | O14: ĐỖ LÊ KIM YẾN - 3123430228 - KHOA LUẬT - BẢNG KHAI THÀNH TÍCH | P14: ĐỖ LÊ KIM YẾN - 3123430228 - KHOA LUẬT - MINH CHỨNG THÀNH TÍCH
A15: 10 | B15: Mai Nguyễn Trà My | C15: 3122430104 | D15: LUẬT | E15: =VLOOKUP(C15,'Trang tính3'!$B$10:$H$377,7,0) -> 100 | F15: =VLOOKUP(C15,'Trang tính2'!$B$1:$D$175,3,0) -> 3.76 | H15: Thành viên đội Luật 2 tham gia Hội thi olympic các môn khoa học Mác - Lênin và Tư tưởng Hồ Chí Minh Đoàn viên Hoàn thành xuất sắc nhiệm vụ Điển hình Thanh niên tiên tiến khoa Luật làm theo lời Bác năm học 2024 – 2025 Thanh niên tiên tiến trường Đại học Sài Gòn làm theo lời Bác năm học 2024 – 2025 Giấy chứng nhận danh hiệu “Sao Tháng Thanh niên SGU Nghĩ đúng – Sống đẹp” năm 2025. | I15: Thành viên CLB Hạt giống khoa Luật | J15: Tham gia Giải Việt dã Học sinh, Sinh viên TP. Hồ Chí Minh mở rộng năm 2025 Cúp “Chị Ngã Em Nâng” | K15: Chiến sĩ đội hình Xuân Chiến sĩ chiến dịch Xuân Tình Nguyện năm 2025 Chiến sĩ đội hình Pháp luật chiến dịch Mùa Hè Xanh năm 2025. Tham gia đội hình văn nghệ Chào mừng kỷ niệm 50 năm ngày Giải phóng miền Nam, thống nhất Đất nước. | L15: Chứng chỉ APTIS ESOL – Cefr Level B2 cấp bởi British Council vào tháng 02/2025. Giấy khen “Đã có thành tích xuất sắc trong Công tác Hội và Phong trào sinh viên trường Đại học Sài Gòn năm học 2024 – 2025” Giấy khen danh hiệu “Cán bộ Đoàn tiêu biểu” năm học 2024 – 2025 Tham gia Hội thi “Tiến lên cùng Chi hội” lần thứ II năm học 2024 – 2025 Chương trình “Âm vang khoa Luật” năm 2024 Tham gia Sân chơi Hội nhập “Ring The Golden Bell” năm 2025 | N15: ĐẠT | O15: MAI NGUYỄN TRÀ MY - 3122430104 - KHOA LUẬT - BẢNG KHAI THÀNH TÍCH.docx | P15: MAI NGUYỄN TRÀ MY - 3122430104 - KHOA LUẬT - MINH CHỨNG THÀNH TÍCH.docx
A16: 11 | B16: Nguyễn Đắc Triết | C16: 3122430202 | D16: LUẬT | E16: =VLOOKUP(C16,'Trang tính3'!$B$10:$H$377,7,0) -> 100 | F16: =VLOOKUP(C16,'Trang tính2'!$B$1:$D$175,3,0) -> 3.26 | H16: Bằng khen số: 65/QĐ-UBH ngày 29 tháng 11 năm 2024 của Ủy ban Hội Liên hiệp Thanh niên Việt Nam Thành phố Hồ Chí Minh khen tặng vì đã có thành tích xuất sắc trong hoạt động tình nguyện, công tác xã hội trên địa bàn Thành phố năm 2024; Được khen thưởng theo Quyết định số 35-QD/ĐU ngày 01/10/2025 của Đảng ủy trường Đại học Sài Gòn về khen thưởng các tập thể, cá nhân thực hiện tốt công tác Dân vận năm 2025; Đạt giải Nhất Hội thi trực tuyến “Sài Gòn – Thành phố tôi yêu” do Chi bộ Sinh viên 1 trường Đại học Sài Gòn tổ chức; Đạt Danh hiệu “Đảng viên trẻ Tiêu biểu năm 2024” Chi bộ Sinh viên 1. | I16: - Là Tác giả của đề tài: Hoãn chấp hành hình phạt tù theo quy định của pháp luật Hình sự Việt Nam (NCKH); Đạt giải Nhì Cuộc thi “Thinklaw – Tư duy pháp lý Nghề luật” – Lần 1/2025. Do trường Đại học Nguyễn Tất Thành tổ chức. | J16: Đạt Danh hiệu “Thanh niên khỏe” trường Đại học Sài Gòn năm học 2024 – 2025. (18/8/2025); Đạt Danh hiệu “Thanh niên khỏe” trường Đại học Sài Gòn năm 2024. (05/10/2024); Đạt giải Ba môn Cầu lông (Đơn nam) trong hoạt động Hội thao các Chi bộ Sinh viên. | K16: Giấy khen Số: 02/QĐ-BTK ngày 25 tháng 01 năm 2025 của BCH HSV trường Đại học Sài Gòn về việc Đã có thành tích xuất sắc trong Chiến dịch Xuân Tình nguyện trường Đại học Sài Gòn lần thứ 17 năm 2025; Tham gia và được nhận giấy chứng nhận và giấy khen của Hội Sinh viên trường trong dịp Xuân tình nguyện năm 2025; Tham gia và được nhận giấy chứng nhận trong dịp Mùa hè xanh năm 2024; Tham gia và được giấy chứng nhận của trung tâm hỗ trợ học sinh, sinh viên trong dịp tiếp sức mùa thi năm 2025; Tham gia và được giấy chứng nhận của Ban thư ký Hội Sinh viên trường trong “Chương trình giao lưu và tặng quà cho sinh viên Ký túc xá sinh viên Lào”; Tham gia và được nhận giấy chứng nhận của Ban thư ký Hội Sinh viên trường trong chương trình đồng diễn “Hòa bình đẹp lắm” nhân dịp 30/4/2025; Được nhận giấy chứng nhận của Hội Liên hiệp thanh niên TP. HCM vì có thành tích xuất sắc trong công tác tình nguyện; Tham gia và đạt giấy chứng nhận của BCH Hội sinh viên Thành phố trong chương trình Hòa ca “Đất nước trọn niềm vui”. | L16: Đạt B1 Aptis; Tham gia và đạt giấy chứng nhận của của Ban thư ký Hội Sinh viên trường trong chuyên đề “An toàn giao thông”; Hoàn thành lớp học và được cấp chứng chỉ sử dụng Công nghệ thông tin cơ bản do trường Đại học Sài Gòn tổ chức; Tham gia và đạt giấy chứng nhận của của Ban thư ký Hội Sinh viên trường trong chuyên đề “Ứng dụng kỹ năng số”; Bằng khen số: 33/QĐ-TĐKT ngày 10 tháng 10 năm 2025 của Ban chấp hành Hội Sinh viên Việt Nam Thành phố Hồ Chí Minh khen tặng vì đã có thành tích xuất sắc trong công tác Hội và phong trào sinh viên Thành phố năm học 2024 – 2025; Tham gia và đạt giấy chứng nhận của Ban thư ký Hội Sinh viên trường trong khu vực ASEAN – tự tin Hội nhập trong khuôn khổ ngày hội TSV năm 2024 (05/10/2024). | N16: ĐẠT | O16: NGUYỄN ĐẮC TRIẾT - 3122430202 - LUẬT - BẢNG KHAI THÀNH TÍCH | P16: NGUYỄN ĐẮC TRIẾT - 3122430202 - LUẬT - MINH CHỨNG THÀNH TÍCH.docx
A17: 12 | B17: Nguyễn Hữu Thiện Nhiên | C17: 3123430131 | D17: LUẬT | E17: =VLOOKUP(C17,'Trang tính3'!$B$10:$H$377,7,0) -> 100 | F17: =VLOOKUP(C17,'Trang tính2'!$B$1:$D$175,3,0) -> 3.91 | H17: Là thanh niên tiên tiến làm theo lời Bác cấp khoa (được tuyên dương vào ngày 15/5/2025) Quyết định số 06-QĐCN/ĐTN-VP của Ban Thường vụ Đoàn trường và Ban Thư Ký Hội sinh viên trường ngày 17/04/2025 về việc trao giấy chứng nhận Đạt danh hiệu Sao Tháng thanh niên SGU – nghĩ đúng sống đẹp 2025. | I17: Là chủ nhiệm đề tài “Pháp luật về quyền tự do ngôn luận trên không gian mạng” năm 2024 – 2025; Đạt giải Nhất cuộc thi học thuật Law’s challenge 2024 do Đoàn Khoa Luật tổ chức; Đạt giải nhì Ring the golden bell 2025 do Liên chi Hội sinh viên Khoa Luật tố chức; Đạt giải Nhì Cuộc thi “Thinklaw – Tư duy pháp lý Nghề luật” – Lần 1/2025. Do trường Đại học Nguyễn Tất Thành tổ chức. Là thành viên tham gia tham gia tích cực trong CLB Thực hành pháp luật khoa Luật trường Đại học Sài Gòn. | J17: Đạt Danh hiệu “Thanh niên khỏe” trường Đại học Sài Gòn năm học 2024 – 2025 | K17: Quyết định số 14-QĐKT/ĐTN-VP của Ban Chấp Hành Đoàn Trường Đại học Sài Gòn ngày 08/08/2025 về việc trao giấy khen vì đã đóng góp tích cực trong Chiến dịch Mùa hè xanh trường Đại học Sài Gòn lần thứ 32 năm 2025; Quyết định số 02/QĐ-BTK của Ban Chấp Hành Hội sinh viên Trường Đại học Sài Gòn ngày 25/01/2025 về việc trao giấy khen vì đã đóng góp tích cực trong Chiến dịch Xuân tình nguyện trường Đại học Sài Gòn lần thứ 17 năm 2025. Tham gia và được cấp giấy chứng nhận hoàn thành chiến dịch Xuân tình nguyện 2025; Tham gia và được cấp giấy chứng nhận hoàn thành chiến dịch Mùa hè xanh 2025; Tham gia và được cấp giấy chứng nhận hoàn thành chương trình tình nguyện Tiếp sức mùa thi 2025; Tham gia và được cấp giấy chứng nhận hoàn thành Tiếp sức đến trường 2025 + 01 ngày tình nguyện: Tham gia hoạt động tình nguyện “Phòng, chống bạo lực học đường” ngày 16/03/2025; 01 ngày tình nguyện: Tham gia hoạt động tình nguyện “Phòng, chống tội phạm lừa đảo chiếm đoạt tài sản thông qua hình thức bán hàng và giao hàng trực tuyến” Trường Đại Học Sài Gòn ngày 01/03/2025; + 01 ngày tình nguyện: Tham gia hoạt động tình nguyện Trung thu sẻ chia 2024. | L17: Chứng chỉ IELTS Academic 6.0 overall do IDP Education tổ chức (28/05/2023); Đạt giải nhì Ring the golden bell 2025 do Liên chi Hội sinh viên Khoa Luật tố chức (đã có minh chứng); Quyết định số 48/QĐ-BTK của Ban chấp hành Đoàn Trường Đại học Sài Gòn ngày 23/10/2025 về việc tặng Giấy khen vì đã có thành tích xuất sắc trong công tác Hội và phong trào sinh viên Trường Đại học Sài Gòn năm học 2024 – 2025 Tham gia và đạt giấy chứng nhận “Xuất sắc Hoàn thành Nhiệm vụ tại Khu vực Asean Explorer – Sinh viên Đại học Sài Gòn tự tin hội nhập trong chuỗi hoạt động tại SGU’s day 2024. Tham gia seminar "Tìm hiểu về Tư pháp người chưa thành niên" do Trung tâm Đào tạo và Hợp tác Quốc tế với Tổng lãnh sự quán Đức tại Thành phố Hồ Chí Minh, thẩm phán, luật sư tại Đức ngày 05/08/2025 Giấy chứng nhận đã tham gia Vòng Bán kết 2 và đạt thành tích tốt trong Hội thi “thủ lĩnh sinh viên TP. Hồ Chí Minh" năm 2024. | N17: ĐẠT | O17: NGUYỄN HỮU THIỆN NHIÊN – 3123430131 – LUẬT – BẢNG KHAI THÀNH TÍCH.docx | P17: NGUYỄN HỮU THIỆN NHIÊN - 3123430131 - LUẬT - MINH CHỨNG THÀNH TÍCH (1).docx
A18: 13 | B18: Nguyễn Nữ Minh Thư | C18: 3123430178 | D18: LUẬT | E18: =VLOOKUP(C18,'Trang tính3'!$B$10:$H$377,7,0) -> 100 | F18: =VLOOKUP(C18,'Trang tính2'!$B$1:$D$175,3,0) -> 3.25 | H18: Giấy chứng nhận của Đảng ủy Trường Đại học Sài Gòn theo quyết định số 89-GCN/ĐU ngày 12/5/2025 về việc Đã đạt danh hiệu “Thanh niên tiên tiến Trường Đại học Sài Gòn làm theo lời Bác” năm học 2024- 2025 Danh hiệu “Thanh niên tiên tiến làm theo lời Bác” năm học 2024- 2025 do Đoàn khoa Luật cấp ngày 09/5/2025 Giấy chứng nhận của Chi bộ Sinh viên 1 ngày 03/8/2025 về việc Đã tích cực tham gia Cuộc thi “Giới thiệu các tác phẩm về Bác” năm 2025 Chứng nhận của Chi bộ Sinh viên 1 đã tích cực tham gia và đạt kết quả tốt các hoạt động trong Chương trình về nguồn 2024 “Hành trình lịch sử” Dâng hương, dâng hoa- Chủ đề “Hành trình Sử Việt” vào tháng 3/2025 | I18: Đề tài NCKH cấp Trường “Pháp luật về hoạt động cung ứng dịch vụ ví điện tử”, cấp trường, là thành viên tham gia, được đánh giá với số điểm 7.5, xếp loại Khá. Giấy chứng nhận của CLB Thực hành Pháp Luật theo quyết định số 01/2025/QĐ-BCN ngày 29/3/2025 tặng năm học 2024- 2025 “Thành viên đã có nhiều đóng góp quan trọng trong công tác tuyên truyền pháp luật tại CLB Thực Hành Pháp luật nhiệm kỳ 2023- 2025” | J18: Hội thao đảng viên Các Chi bộ sinh viên mở rộng trường Đại học Sài Gòn năm 2025 | K18: Giấy chứng nhận của Ban Chỉ huy chiến dịch theo quyết định số 01-QĐCN/ĐTN ngày 15/10/2024 về việc Đã tham gia và hoàn thành nhiệm vụ với vai trò là chiến sĩ Đội hình pháp luật. Giấy chứng nhận của BCH Đoàn khoa Luật ngày 02/4/2025 về việc Đã tham gia chương trình tình nguyện ngắn ngày ‘Hành trình xanh- Lan tỏa yêu thương” Tháng thanh niên năm 2025 Dâng hương, dâng hoa- Chủ đề “Hành trình Sử Việt” vào tháng 3/2025 Minh chứng 05 ngày tình nguyện: + Chương trình tình nguyện “ Trung thu sẻ chia” năm 2025 ( 02 ngày) + Ngày 3,4: Làm công tác chuẩn bị; Tổ chức gian hàng, trò chơi và các hoạt động trung thu cho trẻ em tại trường THCS Bàu Sen. (Hoạt động thiện nguyện không có GCN và Danh sách tham gia) + Ngày 5,6: Thiết kế Poster phân loại rác tại nguồn + Ngày 7,8: Vệ sinh và tô vẽ tường thuộc khuôn khổ Chương trình tình nguyện ngắn ngày ‘Hành trình xanh- Lan tỏa yêu thương” Tháng thanh niên năm 2025 Chương trình tình nguyện ngắn ngày ‘Hành trình xanh- Lan tỏa yêu thương” Tháng thanh niên năm 2025 Tham gia đội hình Văn hóa- Thể thao Lễ kỷ niệm 50 năm ngày giải phóng miền Nam, thống nhất nhất nước (30/4/1975- 30/4/2025). | L18: Chứng chỉ ngoại ngữ ngôn ngữ Tiếng anh bậc 3 do Trường Đại học Văn Lang cấp ngày 22/9/2025. Sân chơi Nói theo cách người trẻ chủ đề “Văn hóa giao tiếp và ứng xử sinh viên” (chưa cập nhật Danh sách) Cuộc thi “Ring the golden bell” 2025. Cuộc thi học thuật “Law’s challenge” năm 2025 do Đoàn khoa Luật tổ chức ngày 10/3/2025 Cuộc thi học thuật “Law’s Challege lần thứ V- năm 2025” do Đoàn khoa Luật tổ chức ngày 26/10/2025 Tọa đàm “Hành trang nghề Luật sư- những kỹ năng không thể thiếu” | N18: ĐẠT | O18: NGUYỄN NỮ MINH THƯ - 3123430178 - KHOA LUẬT - BẢNG MINH CHỨNG THÀNH TÍCH.docx | P18: NGUYỄN NỮ MINH THƯ - 3123430178 - BẢNG KHAI THÀNH TÍCH.docx
A19: 14 | B19: Nguyễn Thanh Bảo Tâm | C19: 3124430141 | D19: LUẬT | E19: =VLOOKUP(C19,'Trang tính3'!$B$10:$H$377,7,0) -> 93.7 | F19: =VLOOKUP(C19,'Trang tính2'!$B$1:$D$175,3,0) -> 3.34 | H19: Đạt danh hiệu “Thanh niên tiên tiến làm theo lời Bác” khoa Luật năm học 2024 - 2025. | I19: Tham gia và hoạt động tại câu lạc bộ Hạt giống khoa Luật (SLF). | J19: Đạt Danh hiệu “Thanh niên khỏe” trường Đại học Sài Gòn năm học 2024 – 2025. | K19: - Giấy chứng nhận ngày 2 tháng 4 năm 2025 của Ban chấp hành Đoàn trường Đại học Sài Gòn - Ban chấp hành Đoàn khoa Luật về việc đã tham gia chương trình tình nguyện ngắn ngày “Hành trình xanh - Lan tỏa yêu thương” Tháng Thanh niên 2025. (4 ngày) -Tham gia chương trình tình nguyện Trung thu sẻ chia năm 2025 ( 2 ngày ) | L19: Đạt B1 Aptis. Tham gia chương trình tập huấn “ Kỹ năng cho sinh viên” năm 2025 Giấy chứng nhận tham gia sân chơi hội nhập Ring the Golden bell năm 2025 | N19: ĐẠT | O19: NGUYỄN THANH BẢO TÂM - 3124430141 - LUẬT - BẢNG KHAI THÀNH TÍCH.docx | P19: _NGUYỄN THANH BẢO TÂM - 3124430141 - LUẬT - MINH CHỨNG THÀNH TÍCH CÁ NHÂN - 2025.docx
A20: 15 | B20: Nguyễn Thị Ngọc Tâm | C20: 3123430156 | D20: LUẬT | E20: =VLOOKUP(C20,'Trang tính3'!$B$10:$H$377,7,0) -> 99 | F20: =VLOOKUP(C20,'Trang tính2'!$B$1:$D$175,3,0) -> 3.59 | H20: Đạt danh hiệu “Thanh niên tiên tiến làm theo lời Bác” cấp khoa, thời gian tuyên dương ngày 21/5/2025. | I20: Thành viên Câu lạc bộ Hạt giống khoa Luật. Tham gia Nghiên cứu khoa học đề tài “Giải quyết tranh chấp thương mại bằng cơ chế liên thông hòa giải - trọng tài. Pháp luật một số nước và đề xuất cho pháp luật Việt Nam”, Cấp khoa, Vai trò Chủ nhiệm đề tài. Có bài viết vào Kỷ yếu Hội thảo Chuyên đề số 2 “Giải quyết tranh chấp sáng tạo bằng phương thức (Med - Arb) – kinh nghiệm áp dụng cho Việt Nam”, Diễn đàn khoa học trẻ “Luật học mùa xuân” lần thứ hai (2nd VSLF). Là thành viên đội thi LEX.VERI đạt giải ba tại hội thi THE CONNECTION 2024, Đoàn trường Đại học Luật TPHCM. | J20: Đạt danh hiệu “Thanh niên khỏe” Trường Đại học Sài Gòn năm học 2024 – 2025. | K20: Tham gia Chương trình tình nguyện Mùa hè xanh Đại học Sài Gòn lần thứ 32, 2025. Tham gia chương trình “Thứ bảy tình nguyện 2025” Tham gia chương trình Tiếp sức đến trường Đại học Sài Gòn năm 2025. Tham gia Chương trình Trung thu sẻ chia 2024 Tham gia Chương trình tình nguyện ngắn ngày “Dâng hương, dâng hoa Khu truyền thống cách mạng cuộc Tổng tiến công và nổi dậy xuân”. Tham gia Quyên góp ủng hộ đồng bào miền Bắc 2025. Tham gia chương trình tình nguyện “Hành trình xanh – Lan tỏa yêu thương”; | L20: Tham gia và đạt giải Ba tại sân chơi hội nhập “ Ring the golden bell 2025” - Tham gia tập huấn kỹ năng tự vệ cho sinh viên năm 2025”. - Tham gia “Tọa đàm nghiên cứu khoa học năm 2024 – 2025”, LCH SV khoa Luật, tổ chức ngày 15/6/2025, Ban tổ chức; - Giấy khen số 48/QĐ-BTK tặng vì đã có thành tích xuất sắc trong công tác Hội và phong trào sinh viên Trường Đại học Sài Gòn năm học 2024 – 2025. - Cuộc thi Law’s Challenge, Đoàn khoa Luật, Giải Ba. - Giấy chứng nhận Cuộc thi Hòa giải thương mại Việt Nam 2025 Vietnam Mediation Moot - V-Med 2025, VICMC phối hợp cùng VMC tổ chức và Học viện Tòa án hỗ trợ. | N20: ĐẠT | O20: NGUYỄN THỊ NGỌC TÂM - 3123430156 - LUẬT - BẢNG KHAI THÀNH TÍCH.docx | P20: NGUYỄN THỊ NGỌC TÂM - 3123430156 - LUẬT - BẢNG MINH CHỨNG THÀNH TÍCH.docx
A21: 16 | B21: Nguyễn Văn Thành | C21: 3124430149 | D21: LUẬT | E21: =VLOOKUP(C21,'Trang tính3'!$B$10:$H$377,7,0) -> 98.3 | F21: =VLOOKUP(C21,'Trang tính2'!$B$1:$D$175,3,0) -> 3.26 | H21: Đạt giải Ba hội thi Olympic về các môn khoa học Mác – Lênin, tư tưởng Hồ Chí Minh cấp trường năm 2025. | I21: Đạt giải Khuyến khích cuộc thi học thuật “Law Challenge năm 2024” do BCH Đoàn TNCS khoa Luật tổ chức; Đạt giải Khuyến khích cuộc thi học thuật “Law Challenge năm 2025” do BCH Đoàn TNCS khoa Luật tổ chức; Tham gia và hoạt động tích cực tại câu lạc bộ Hạt giống khoa Luật (SLF). | J21: Đạt Danh hiệu “Thanh niên khỏe” trường Đại học Sài Gòn năm học 2024 – 2025. | K21: Giấy khen số: 14 – QĐKT/ĐTN – VP ngày 08 tháng 8 năm 2025 của BCH Đoàn trường Đại học Sài Gòn về việc “Đã có đóng góp tích cực trong Chiến dịch tình nguyện Mùa hè xanh trường Đại học Sài Gòn lần thứ 32 - Năm 2025”; Tham gia và được nhận giấy chứng nhận của BCH Hội Sinh viên trường Đại học Sài Gòn trong chiến dịch Xuân tình nguyện năm 2025; Tham gia 5 ngày tình nguyện và được giấy chứng nhận của trung tâm hỗ trợ học sinh, sinh viên trong chương trình tình nguyện Tiếp sức mùa thi năm 2025. | L21: Đạt B2 Aptis. Tham gia sân chơi hội nhập “Ring The Golden Bell” năm 2025. Giấy khen số: 15 – QĐKT/ĐTN – VP ngày 24 tháng 10 năm 2025 của Ban Chấp hành Đoàn TNCS Hồ Chí Minh trường Đại học Sài Gòn về việc “Đã có đóng góp trong công tác Đoàn và phong trào thanh niên trường Đại học Sài Gòn năm học 2024 – 2025”. | N21: ĐẠT | O21: NGUYỄN VĂN THÀNH - 3124430149 - LUẬT - BẢNG KHAI THÀNH TÍCH.docx | P21: MẪU 03 - NGUYỄN VĂN THÀNH - 3124430149 - LUẬT - MINH CHỨNG THÀNH TÍCH CÁ NHÂN - 2025.docx
A22: 17 | B22: Trần Ngọc Linh | C22: 3123430088 | D22: LUẬT | E22: =VLOOKUP(C22,'Trang tính3'!$B$10:$H$377,7,0) -> 95.5 | F22: =VLOOKUP(C22,'Trang tính2'!$B$1:$D$175,3,0) -> 3.03 | L22: Không đạt tiêu chuẩn "Về ngoại ngữ" | N22: KHÔNG ĐẠT | O22: TRẦN NGỌC LINH - 3123430088 - LUẬT - BẢNG KHAI THÀNH TÍCH.docx | P22: TRẦN NGỌC LINH - 3123430088 - LUẬT - MINH CHỨNG THÀNH TÍCH .docx
A23: 18 | B23: Trần Ngọc Minh Anh | C23: 3122430014 | D23: LUẬT | E23: =VLOOKUP(C23,'Trang tính3'!$B$10:$H$377,7,0) -> 100 | F23: =VLOOKUP(C23,'Trang tính2'!$B$1:$D$175,3,0) -> 3.57 | H23: Sao tháng “Thanh niên SGU nghĩ đúng - sống đẹp” năm 2025 Đạt danh hiệu Thanh niên tiên tiến làm theo lời Bác khoa Luật năm học 2024 -2025. Đạt danh hiệu Thanh niên tiên tiến làm theo lời Bác trường Đại học Sài Gòn năm học 2024 -2025. Đạt Giải Ba Bảng Đội tuyển “HỘI THI OLYMPIC CÁC MÔN KHOA HỌC MÁC - LÊNIN VÀ TƯ TƯỞNG HỒ CHÍ MÌNH TRƯỜNG ĐẠI HỌC SÀI GÒN” NĂM 2025 | I23: - Chủ nhiệm CLB Hạt giống khoa Luật - Khoa Luật Trường Đại học Sài Gòn - Giải khuyến khích cuộc thi Law’s Conquerors 2025, do Khoa Luật trường Đại học Kinh tế (UEF) tổ chức Giấy chứng nhận thành viên hoạt động tích cực tại CLB SLF | J23: - Đạt danh hiệu “ Thanh niên khỏe” tại Hội Thao Chào mừng Đại hội Đại biểu Hội Sinh viên Việt Nam trường Đại học Sài Gòn lần thứ IX, nhiệm kỳ 2025 -2028. | K23: - Tham gia chiến dịch Xuân Tình nguyện trường Đại học Sài Gòn lần thứ 17 năm 2025 - Tham gia chiến dịch Mùa hè Xanh trường Đại học Sài Gòn lần thứ 32 năm 2025 - Giấy khen của Hội Sinh viên trường số vì đã đạt thành tích xuất sắc trong Chiến dịch Mùa hè Xanh trường Đại học Sài Gòn lần thứ 17 năm 2025 | L23: Đạt trình độ Tiếng Anh VSTEP B2 Tham gia tập huấn kỹ năng tự vệ cho sinh viên năm 2025 Giấy khen của Hội Sinh viên trường số Số: 14-QĐKT/ĐTN-VP ngày 08 tháng 08 năm 2025 vì đã đạt thành tích xuất sắc trong Chiến dịch Mùa hè Xanh trường Đại học Sài Gòn lần thứ 17 năm 2025. Giấy khen của Hội Sinh viên trường số: 48/QĐ-BTK ngày 23 tháng 10 năm 2025 vì đã đạt thành tích xuất sắc trong công tác Hội và phong trào sinh viên khoa Luật nhiệm kỳ 2024 - 2025 + Giấy khen của Hội Sinh viên trường số : 16/QĐ-BTK ngày 15 tháng 4 năm 2025 vì đã đạt danh hiệu Cán bộ Hội tiêu biểu năm học 2024 - 2025 Tham gia Hội thi Thủ lĩnh Sinh viên thành phố Hồ Chí Minh năm 2025 ( Top 50) | N23: ĐẠT | O23: MẪU 01 - TRẦN NGỌC MINH ANH - 2024-2025.docx | P23: MẪU 03 - TRẦN NGỌC MINH ANH - 2025.docx
A24: 19 | B24: Trần Nguyễn Thùy Trang | C24: 3124430177 | D24: LUẬT | E24: =VLOOKUP(C24,'Trang tính3'!$B$10:$H$377,7,0) -> 92.3 | F24: =VLOOKUP(C24,'Trang tính2'!$B$1:$D$175,3,0) -> 3.31 | H24: - Thanh niên tiên tiến khoa Luật làm theo lời Bác năm học 2024-2025 | I24: - Diễn đàn khoa học trẻ “Luật học mùa xuân” lần thứ hai, năm 2025 - Thành viên đội thi TNT tham gia cuộc thi Law’s Challenge 2025 | J24: - Đạt danh hiệu “Thanh niên khỏe” Trường Đại học Sài Gòn năm học 2024 – 2025 | K24: - Chương trình “Xuân yêu thương - Vì nụ cười trẻ thơ” năm 2025 Chương trình “Xuân nhân ái - Hái yêu thương 2025” lần thứ III Chương trình tình nguyện “Trung thu sẻ chia 2025” Tham gia chương trình “Thứ bảy tình nguyện 2025” - Chương trình tình nguyện “Hành trình xanh – Lan tỏa yêu thương” | L24: Tham gia Sân chơi hội nhập “Ring the Golden Bell 2025” - Toạ đàm “Kỹ năng tự vệ cho sinh viên” - Tọa đàm “Hành trang nghề luật sư - Những kỹ năng không thể thiếu” - Giấy khen số 48/QĐ-BTK tặng vì đã có thành tích xuất sắc trong công tác Hội và phong trào sinh viên Trường Đại học Sài Gòn năm học 2024-2025 | N24: ĐẠT | O24: TRẦN NGUYỄN THÙY TRANG - 3124430177 - KHOA LUẬT - BẢNG KHAI THÀNH TÍCH.pdf.pdf | P24: TRẦN NGUYỄN THÙY TRANG - 3124430177 - KHOA LUẬT - MINH CHỨNG THÀNH TÍCH.pdf.pdf
A25: 20 | B25: Trịnh Tú Hảo | C25: 3122430044 | D25: LUẬT | E25: =VLOOKUP(C25,'Trang tính3'!$B$10:$H$377,7,0) -> 94.5 | F25: =VLOOKUP(C25,'Trang tính2'!$B$1:$D$175,3,0) -> 3.11 | H25: Đạt danh hiệu Thanh niên tiên tiến làm theo lời Bác khoa Luật năm học 2024 -2025. | I25: - NCKH: Tội lạm dụng chức vụ quyền hạn nhằm chiếm đoạt tài sản theo pháp luật Việt Nam” (80/100) đạt loại Tốt. - Thành viên CLB SLF ( Hạt giống khoa Luật) | J25: - Đạt danh hiệu “ Thanh niên khỏe” tại Hội Thao Chào mừng Đại hội Đại biểu Hội Sinh viên Việt Nam trường Đại học Sài Gòn lần thứ IX, nhiệm kỳ 2025 -2028. | K25: - Tham gia chiến dịch Xuân Tình nguyện lần thứ 17 năm 2025 - Tham gia chương trình Tiếp sức đến trường 2025 | L25: Đạt trình độ Tiếng Anh Aptis B1 +Tham gia tập huấn kỹ năng tự vệ cho sinh viên năm 2025 Giấy khen của Hội Sinh viên trường số 02/QĐ – BTK ngày 25/01/2025 vì đã đạt thành tích xuất sắc trong Chiến dịch Xuân tình nguyện trường Đại học Sài Gòn lần thứ 17 năm 2025. + Giấy khen của Hội Sinh viên trường số 04/QĐ – BTK ngày 11/03/2025 vì đã đạt thành tích xuất sắc trong công tác Hội và phong trào sinh viên khoa Luật nhiệm kỳ 2023 -2025 Giấy khen của Hội Sinh viên trường số 16/QĐ – BTK ngày 15/4/2025 vì đã đạt danh hiệu cán bộ tiêu biểu. + Bằng khen của Ban Chấp hành hội Sinh viên Thành phố Hồ Chí Minh số 33/QĐ- TĐKT ngày 10/10/2025 vì đã có thành tích xuất sắc trong công tác Hội và phong trào sinh viên Thành phố năm học 2024 – 2025. +Tham gia Hội thi Thủ lĩnh Sinh viên thành phố Hồ Chí Minh năm 2025 ( Top 50) | N25: ĐẠT | O25: TRỊNH TÚ HẢO - 3122430044 - KHOA LUẬT - BẢNG KHAI THÀNH TÍCH.docx | P25: TRỊNH TÚ HẢO - 3122430044 - KHOA LUẬT - MINH CHỨNG THÀNH TÍCH.docx
A26: 21 | B26: Võ Thanh Thảo | C26: 3123430163 | D26: LUẬT | E26: =VLOOKUP(C26,'Trang tính3'!$B$10:$H$377,7,0) -> 92.5 | F26: =VLOOKUP(C26,'Trang tính2'!$B$1:$D$175,3,0) -> 3.66 | L26: HN. Tọa đàm "Sinh viên 5 tốt" Không phải là hoạt động hội nhập. => Thiếu tiêu chuẩn "HĐ HN" | N26: KHÔNG ĐẠT | O26: VÕ THANH THẢO - 3123430163 - LUẬT - BẢNG KHAI THÀNH TÍCH - 2024 -2025.docx | P26: VÕ THANH THẢO - 3123430163 - LUẬT - MINH CHỨNG THÀNH TÍCH - 2024 - 2025.docx
A27: 22 | B27: Nguyễn Trương Diễm Ngọc | C27: 3122430118 | D27: LUẬT | E27: 99 | F27: 3.89 | H27: Kết quả đánh giá chất lượng Đoàn viên năm học 2024 - 2025 đạt Hoàn thành xuất sắc nhiệm vụ. Đạt danh hiệu “Thanh niên tiên tiến Trường Đại học Sài Gòn làm theo lời Bác” năm học 2024 – 2025. | I27: Có bài viết tham luận bằng tiếng Anh “ASEAN's Path to Sustainable Development: Navigating International Relations, Legal Frameworks in the Context of Globalization and Modernization” trình bày tại Hội thảo Quốc tế do Trường Đại học Luật Thành phố Hồ Chí Minh tổ chức tháng 7 năm 2025. | J27: Đạt danh hiệu “Thanh niên khỏe” cấp Trường năm 2024 và năm học 2024 - 2025. | K27: Nhận Giấy khen số 43/QĐ-BTK ngày 08/08/2025 của Hội Sinh viên trường vì thành tích tốt trong Chương trình Tiếp sức mùa thi năm 2025. Tham gia và hoàn thành Chương trình Tiếp sức mùa thi trường Đại học Sài Gòn năm 2025. Tham gia chương trình tình nguyện “Trung thu sẻ chia 2024”, “Xuân yêu thương” tại Mái ấm Tâm Đức và “Xuân nhân ái - Hái yêu thương” tại Tịnh xá Ngọc Quang. Tham gia hoạt động “Thứ bảy tình nguyện”, chương trình “Hành trình xanh” và tham quan Bảo tàng Hồ Chí Minh (Bến Nhà Rồng). | L27: Đạt trình độ ngoại ngữ tiếng Anh chứng chỉ TOEIC trình độ B2. Tham gia Ngày hội Sinh viên với ngoại ngữ năm 2025 chủ đề "GenZith Horizon" và chương trình Giao lưu tặng quà cho sinh viên Lào. Xuất sắc lọt vào Vòng Chung kết cuộc thi Law's Conquerors 2025 do Trường Đại học Kinh tế - Tài chính Thành phố Hồ Chí Minh và Công ty Luật TNHH TA PHA tổ chức. Xuất sắc hoàn thành nhiệm vụ tại khu vực “ASEAN Explorer - Sinh viên Đại học Sài Gòn tự tin hội nhập” trong Ngày hội Tân sinh viên SGU's Day 2024. Hoàn thành khóa tập huấn Kỹ năng AI dành cho Cán bộ Đoàn – Hội và khóa học “Thanh niên tình nguyện hỗ trợ chính quyền địa phương hai cấp” của Trung ương Đoàn. Tham gia chương trình kỹ năng nghề nghiệp “Khảo sát doanh nghiệp yêu thích 2025 – ENTERPRISE OF CHOICE”. Tham gia tập huấn An toàn giao thông và chuyên đề Ứng dụng kỹ năng số cho sinh viên năm 2024. | M27: Đề xuất tiêu biểu | N27: ĐẠT | O27: 17.NGUYỄN TRƯƠNG DIỄM NGỌC .docx | P27: 17. NGUYỄN TRƯƠNG DIỄM NGỌC
A28: 23 | B28: Nguyễn Tấn Tài | C28: 3123430154 | D28: LUẬT | E28: 99\ | F28: 3.76 | H28: Kết quả đánh giá chất lượng Đoàn viên năm học 2024 - 2025 đạt Hoàn thành xuất sắc nhiệm vụ. Là thành viên chính thức tham dự bảng đội tuyển Hội thi Olympic các môn khoa học Mác - Lênin và Tư tưởng Hồ Chí Minh trường Đại học Sài Gòn năm 2025. | I28: Có bài viết khoa học “Tinh gọn Hội đồng nhân dân trong bối cảnh mới - Thực trạng và một số kiến nghị” đăng trên kỷ yếu Hội thảo khoa học cấp trường VSLF do Đại học Luật - Đại học Quốc gia Hà Nội tổ chức vào tháng 04/2025. | J28: Đạt danh hiệu “Thanh niên khỏe” trường Đại học Sài Gòn năm 2025 theo Giấy chứng nhận số 02 - GCN - BTK của Ban Thư ký Hội Sinh viên trường | K28: Nhận Giấy khen số 02/QĐ-BTK ngày 25/01/2025 của Hội Sinh viên trường vì thành tích xuất sắc trong Chiến dịch Xuân Tình nguyện lần thứ 17 năm 2025. Nhận Giấy khen của Chủ tịch Ủy ban nhân dân Phường 12, Quận 6 vì thành tích xuất sắc trong công tác Đoàn và phong trào thanh thiếu nhi năm 2024. Tham gia và hoàn thành Chiến dịch Xuân Tình nguyện trường Đại học Sài Gòn các năm 2024 và 2025. Tham gia các chương trình tình nguyện cộng đồng như: Trung thu sẻ chia năm 2024, Xuân yêu thương tại mái ấm Tâm Đức, và Xuân nhân ái - Hái yêu thương tại Tịnh xá Ngọc Quang. Tham gia hoạt động Thứ 7 tình nguyện, chương trình Hành trình xanh, chương trình Lan tỏa yêu thương và viếng văn bia tưởng niệm Xuân Mậu Thân 1968. | L28: Điểm trung bình các học phần Tiếng Anh đạt kết quả cao: Tiếng Anh 1 (9.0), Tiếng Anh 2 (9.3), và Tiếng Anh 3 (8.4). Tham gia Chương trình giao lưu và tặng quà cho sinh viên Lào tại Ký túc xá Sinh viên Lào Thành phố Hồ Chí Minh ngày 01/02/2025. Tham gia hỗ trợ đón tiếp đoàn Đại biểu Tàu thanh niên Đông Nam Á Nhật Bản (SSEAYP) năm 2024 trong chương trình Home Matching tại Quận 6. Xuất sắc hoàn thành nhiệm vụ tại khu vực “ASEAN Explorer - Sinh viên Đại học Sài Gòn tự tin hội nhập” trong Ngày hội Tân Sinh viên SGU's Day 2024. Đạt danh hiệu Cán bộ Hội tiêu biểu năm học 2024 - 2025. Nhận Giấy khen vì có thành tích xuất sắc trong công tác Hội và phong trào sinh viên khoa Luật nhiệm kỳ 2023 - 2025 và năm học 2023 - 2024. Hoàn thành chuyên đề “Ứng dụng kỹ năng số cho sinh viên năm 2024” và tập huấn “An toàn giao thông và kỹ năng phòng tránh va chạm trong hoạt động tình nguyện”. | M28: Đề xuất tiêu biểu | N28: ĐẠT | O28: 18.NGUYỄN TẤN TÀI - BẢNG KHAI.docx | P28: 18. NGUYỄN TẤN TÀI
A29: 24 | B29: Đào Trần Thanh | C29: 3121430166 | D29: LUẬT | E29: 100 | F29: 3.63 | H29: Kết quả đánh giá chất lượng Đoàn viên cuối năm đạt Hoàn thành xuất sắc nhiệm vụ. Nhận Giấy khen của Ban Chấp hành Đảng bộ trường Đại học Sài Gòn vì thành tích trong “Học tập và làm theo tư tưởng, đạo đức, phong cách Hồ Chí Minh” ngày 12/05/2025. Được vinh danh là Gương điển hình tiên tiến trường Đại học Sài Gòn giai đoạn 2020 - 2025 theo Quyết định số 1416/QĐ-ĐHSG ngày 04/06/2025. Đạt danh hiệu "Thanh niên tiên tiến trường Đại học Sài Gòn" năm học 2023 - 2024. Là Đảng viên chính thức từ ngày 09/11/2024. | I29: Đạt giải Nhì Giải thưởng sinh viên nghiên cứu khoa học - Euréka lần thứ 26 năm 2024 cấp Thành phố và cấp Trường. Tốt nghiệp đại học loại Giỏi chuyên ngành Luật. Đạt học bổng Khuyến khích học tập qua nhiều kỳ học. | J29: Đạt giải Nhì bộ môn cầu lông nam nữ tại Hội thao chào mừng Đại hội đại biểu Hội Sinh viên Việt Nam trường Đại học Sài Gòn lần thứ IX năm 2025. Đạt danh hiệu "Thanh niên khỏe" trường Đại học Sài Gòn năm 2024 theo Giấy chứng nhận số 02-QĐGCN/HSV ngày 05/10/2024. | K29: Nhận Bằng khen của Ban Chấp hành Trung ương Hội Sinh viên Việt Nam vì thành tích xuất sắc trong Chiến dịch tình nguyện Mùa hè xanh năm 2024. Nhận Bằng khen của Ban Chấp hành Hội Sinh viên Thành phố Hồ Chí Minh vì thành tích xuất sắc trong Chiến dịch Xuân tình nguyện lần thứ 17 năm 2025. Hoàn thành Chiến dịch tình nguyện Mùa hè xanh năm 2024 và Chiến dịch Xuân tình nguyện lần thứ 17 năm 2025. Tham gia đầy đủ 05 ngày tình nguyện trong năm học theo xác nhận của Hội Sinh viên trường. | L29: Đạt chứng chỉ tiếng Anh Vstep trình độ B1 theo khung tham chiếu châu Âu. Nhận Bằng khen của Ban Chấp hành Trung ương Hội Sinh viên Việt Nam vì thành tích xuất sắc trong công tác Hội và phong trào sinh viên năm học 2024 - 2025. Tham gia Ngày hội Sinh viên với ngoại ngữ English Camp 2025 do Hội Sinh viên Thành phố Hồ Chí Minh tổ chức. Tham gia Chương trình giao lưu và tặng quà cho sinh viên Lào tại Ký túc xá Sinh viên Lào Thành phố Hồ Chí Minh ngày 01/02/2025. Xuất sắc hoàn thành nhiệm vụ tại khu vực "ASEAN Explorer - Sinh viên Đại học Sài Gòn tự tin hội nhập" năm 2024. Hoàn thành Chương trình "Phổ cập AI" dành cho cán bộ Đoàn - Hội do Trung ương Đoàn tổ chức. Tham gia tập huấn chuyên đề An toàn giao thông và chuyên đề Ứng dụng kỹ năng số cho sinh viên trường Đại học Sài Gòn. Có chứng chỉ Ứng dụng Công nghệ thông tin cơ bản. | M29: Đề xuất tiêu biểu | N29: ĐẠT | P29: 19. ĐÀO TRẦN THANH
A30: 25 | B30: Đặng Thị Cúc | C30: 3122350030 | D30: VĂN HOÁ VÀ DU LỊCH | E30: =VLOOKUP(C30,'Trang tính3'!$B$10:$H$377,7,0) -> 98.5 | F30: =VLOOKUP(C30,'Trang tính2'!$B$1:$D$175,3,0) -> 2.83 | H30: Số 133-GCN/ĐU ngày 12/5/2025 Đạt danh hiệu Thanh niên tiên tiến trường Đại học Sài Gòn làm theo lời Bác năm học 2024-2025 Số 01-GCN/ĐTN-VHDL ngày 20/3/2025 Đạt danh hiệu Điển hình Thanh niên tiên tiến khoa Văn hoá và Du lịch làm theo lời Bác năm học 2024 – 2025 | I30: Đã có đóng góp tích cực cho các hoạt động của CLB Truyền thông và Đối ngoại HKII năm học 2024-2025 | J30: Giấy chứng nhận Thanh niên khỏe trường Đại học Sài Gòn năm học 2024 - 2025 | K30: Đội trưởng Đội hình Sắc màu Văn hoá thuộc chiến dịch tình nguyện Mùa hè xanh trường Đại học Sài Gòn lần thứ 32, năm 2025 | L30: Giấy chứng nhận đã hoàn thành nhiệm vụ tại khu vực “ASEAN Explorer – Sinh viên Đại học Sài Gòn tự tin hội nhập” Số 15-QĐKT/ĐTN-VP ngày 24/10/2025 Khen thưởng Đã có đóng góp tích cực trong công tác Đoàn và phong trào thanh niên Trường Đại học Sài Gòn năm học 2024-2025 Đạt chứng chỉ B1 Aptis Esol, cấp vào ngày 31.7.2025 bởi tổ chức British Council | N30: ĐẠT | O30: ĐẶNG THỊ CÚC - 3122350030 - VĂN HOÁ VÀ DU LỊCH - BẢNG KHAI THÀNH TÍCH.docx | P30: ĐẶNG THỊ CÚC - 3122350030 - VĂN HOÁ VÀ DU LỊCH - MINH CHỨNG THÀNH TÍCH.docx | Q30: 30 SV5T KHOA 6 SV5TTB KHOA
A31: 26 | B31: Hà Thái Toàn | C31: 3123350177 | D31: VĂN HOÁ VÀ DU LỊCH | E31: =VLOOKUP(C31,'Trang tính3'!$B$10:$H$377,7,0) -> 100 | F31: =VLOOKUP(C31,'Trang tính2'!$B$1:$D$175,3,0) -> 3.03 | L31: Thiếu tiêu chuẩn "Về ngoại ngữ" | N31: KHÔNG ĐẠT | O31: MẪU 1 - HÀ THÁI TOÀN - 3123350177 - BẢNG KHAI THÀNH TÍCH..docx | P31: MẪU 02 - HÀ THÁI TOÀN - 3123350177 -MINH CHỨNG THÀNH TÍCH CÁ NHÂN - 2025.docx
A32: 27 | B32: Huỳnh Thị Xu Kiên | C32: 3122540036 | D32: VĂN HOÁ VÀ DU LỊCH | E32: =VLOOKUP(C32,'Trang tính3'!$B$10:$H$377,7,0) -> 96.5 | F32: =VLOOKUP(C32,'Trang tính2'!$B$1:$D$175,3,0) -> 3.74 | H32: Thiếu MC tiêu chuẩn khác | K32: Không đủ 05 ngày tình nguyện | N32: KHÔNG ĐẠT | O32: HUỲNH THỊ XU KIÊN – 3122540036 – VĂN HÓA VÀ DU LỊCH – BẢNG KHAI THÀNH TÍCH.docx | P32: HUỲNH THỊ XU KIÊN_3122540036 – VĂN HÓA VÀ DU LỊCH – MINH CHỨNG THÀNH TÍCH.docx
A33: 28 | B33: Khưu Mỹ Hoàng | C33: 3122570045 | D33: VĂN HOÁ VÀ DU LỊCH | E33: =VLOOKUP(C33,'Trang tính3'!$B$10:$H$377,7,0) -> 99 | F33: =VLOOKUP(C33,'Trang tính2'!$B$1:$D$175,3,0) -> 3.76 | H33: - Hoàn thành Lớp Bồi Dưỡng Nhận Thức Đảng 16-20/8/2025 Hoàn thành nội dung học tập nghị quyết Đại hội Đoàn toàn quốc lần thứ XII, nhiệm kỳ 2022-2027 | I33: Giải thưởng Best Participation Award in the “Discover- The magic of Travel” of the Third “Tourism+Chinese Language” Programme | J33: Tham gia Sinh viên khỏe tại SGU day ( 19/10/2025) | K33: Tình nguyện viên tháp tùng Đại biểu quốc tế tại Lễ kỷ niệm 50 năm ngày giải phóng miền Nam, thống nhất đất nước ( 30/04/1975-30/04/2025) : Tháp tùng hai bác đại biểu Mr JOSE MIGUEL MEJIA ABREU- Tổng Bí Thư Đảng MIU, Cộng Hòa Dominica và Ms ALTAGRACIA MARHA PEREZ CAMPUSANO - Bí thư phụ trách đối ngoại Cộng hòa Dominica. Tháp tùng Đoàn đại biểu tại Đại lễ Phật Đản Vesak 2025 (05-09/5/2025) Tình nguyện viên hỗ trợ thuộc Team Tổ Thư ký ( Văn phòng- Trung tâm xúc tiến du lịch TPHCM) tại sự kiện Hội chợ du lịch quốc tế TP HCM-ITE HCMC 2025 ( 20/8-5/9/2025) Tình nguyện viên lĩnh vực khoa học -xã hội của Giải thưởng nghiên cứu khoa học Euréka lần thứ 26 năm 2024 ( 11-12/2024) Tình nguyện viên hỗ trợ thuộc team Lễ tân - Hậu cần ( Phòng Tổ chức sự kiện- Trung tâm xúc tiến du lịch TPHCM) tại sự kiện Hội chợ du lịch quốc tế TP HCM-ITE HCMC 2024( 01-07/9/2024) | L33: - Chứng chỉ tiếng Trung HSK5 ( 4/2024) Tiếng Anh 1 : 10 Tiếng Anh 2:10 Tiếng Anh 3: 10 * Tham gia training nghiệp vụ tại Sở Du Lịch ( 09/08/2025) và Sở Ngọại Vụ ( 23/08/2025) cho nhóm Tình nguyện viên hỗ trợ thuộc Team Tổ Thư ký ( Văn phòng- Trung tâm xúc tiến du lịch TPHCM) tại sự kiện Hội chợ du lịch quốc tế TP HCM- ITE HCMC 2025 ( 20/8-5/9/2025) - Đoàn viên tiêu biểu năm học 2024-2025 Tháp tùng Đại biểu quốc tế tại A50 Tham gia International Perspectives Series Webinar: Laboratory Prediction Energy Control System based on Artificial Intelligence held on 3 October, 2024 (3)Tham gia International Experts Sharing webinar entitled Digital Economy and Global Sustainable Development held on 11 October, 2024 (4)Tham gia “ Cultivation Techniques of Rice -Integrated Management of Rice Pests and Diseases” on 25 October,2024 (5)Tham gia “No Cap, Just Clarity, The Real Deal on Explainable AI(XAI)”on 27 September,2024 (6)Tham gia “Cultivation Technology of Annual and Biennial Flower” on 27 September,2024 Đạt giấy chứng nhận xuất sắc tham gia trại đông online của trường đại học Chính Pháp Thượng Hải (Trung Quốc), 10-12/2024 Đạt giấy chứng nhận xuất sắc tham gia trại xuân online của trường đại học Hà Nam ( Trung Quốc), 15-18/01/2025 Hoàn thành xuất sắc 3 khóa học online tại Học Viện Hoa Kiều ( Chiết Giang, Trung Quốc): (10) Đạt giấy chứng nhận Hoàn thành xuất sắc trại hè trường Đại học Lan Châu (Trung Quốc) | N33: ĐẠT | O33: KHƯU MỸ HOÀNG_3122570045_KHOA VĂN HÓA VÀ DU LỊCH_BẢNG KHAI THÀNH TÍCH.docx | P33: KHƯU MỸ HOÀNG_3122570045_KHOA VĂN HÓA VÀ DU LỊCH_MINH CHỨNG THÀNH TÍCH.docx
A34: 29 | B34: Lê Hoàng Vinh | C34: 3122570149 | D34: VĂN HOÁ VÀ DU LỊCH | E34: =VLOOKUP(C34,'Trang tính3'!$B$10:$H$377,7,0) -> 100 | F34: =VLOOKUP(C34,'Trang tính2'!$B$1:$D$175,3,0) -> 3.55 | I34: Thiếu tiêu chuẩn khác | L34: Thiếu tiêu chuẩn kỹ năng | N34: KHÔNG ĐẠT | O34: LÊ HOÀNG VINH - 3122570149 - BẢNG KHAI THÀNH TÍCH CÁ NHÂN - 2024-2025.docx | P34: LÊ HOÀNG VINH - 3122570149 - MINH CHỨNG THÀNH TÍCH CÁ NHÂN - 2025.docx
A35: 30 | B35: Nguyễn Phạm Huy Phúc | C35: 3122350184 | D35: VĂN HOÁ VÀ DU LỊCH | E35: =VLOOKUP(C35,'Trang tính3'!$B$10:$H$377,7,0) -> 99 | F35: =VLOOKUP(C35,'Trang tính2'!$B$1:$D$175,3,0) -> 3.53 | H35: Thiếu tiêu chuẩn khác | I35: Thiếu tiêu chuẩn khác | J35: MC không hợp lệ | N35: KHÔNG ĐẠT | O35: NGUYỄN PHẠM HUY PHÚC - 3122350184 - KHOA VĂN HÓA VÀ DU LỊCH - BẢNG KHAI THÀNH TÍCH.docx | P35: NGUYỄN PHẠM HUY PHÚC - 3122350184 - KHOA VĂN HÓA VÀ DU LỊCH - MINH CHỨNG THÀNH TÍCH.docx
A36: 31 | B36: Nguyễn Thị Tuyết Ngân | C36: 3121540074 | D36: VĂN HOÁ VÀ DU LỊCH | E36: =VLOOKUP(C36,'Trang tính3'!$B$10:$H$377,7,0) -> 82 | F36: =VLOOKUP(C36,'Trang tính2'!$B$1:$D$175,3,0) -> 3.53 | H36: * Đạt danh hiệu: Sao tháng “Thanh niên SGU nghĩ đúng - sống đẹp”. | I36: Tham gia CLB Tiếng Anh khoa Văn hóa & Du lịch - Republic Of English. | J36: - Tham gia Sân chơi “Thanh niên khỏe”: số thứ tự 1384 | K36: Tham gia Chiến dịch Xuân Tình nguyện 2025 - Đội hình Xuân Sẻ Chia: - Ngày 1: Tham gia hỗ trợ hiến máu ngày 22/03/2025: số thứ tự số 1. - Ngày 2: Tham gia dọn vệ sinh kênh rạch cùng Sài Gòn Xanh của Đội Công tác Xã hội tại Tam Phú, Thủ Đức ngày 16/03/2025 - Ngày 3: Tổ chức, tham gia Hành trình Yêu thương 07 của Đội CTXH tại Trung tâm Bảo trợ Người già Thiên Ân ngày 08/03/2025 Ngày 4: Tổ chức, tham gia Hưởng ứng Giờ Trái Đất 2025 - Hướng dẫn di chuyển bằng Metro với Chủ đề “Chiến dịch Xanh, Tương lai Xanh” ngày 15/03/2025 - Ngày 5: Tham gia hỗ trợ thả hoa đăng Đại lễ Vesak 2025 ngày 06/05/2025: | L36: - Đạt chứng chỉ: Aptis B1: - Tham gia hỗ trợ thả hoa đăng trong Đại lễ Vesak 2025. Giấy khen của Ủy ban Hội Liên hiệp Thanh niên Việt Nam Quận 3 theo quyết định số 21/QĐ- UBH ngày 28/05/2025 về việc Đã đạt danh hiệu “Đã có thành tích xuất sắc trong hoạt động Đội Công tác Xã hội Quận 3 nhiệm kỳ 2022 - 2025”. | N36: ĐẠT | O36: BẢNG KHAI THÀNH TÍCH CÁ NHÂN - SV5T CẤP TRƯỜNG - 2024-2025 - NGUYỄN THỊ TUYẾT NGÂN.pdf | P36: MINH CHỨNG THÀNH TÍCH CÁ NHÂN - SV5T TRƯỜNG ĐHSG - 2025 - NGUYỄN THỊ TUYẾT NGÂN..pdf
A37: 32 | B37: Thông Thị Diệu Hiền | C37: 3123570037 | D37: VĂN HOÁ VÀ DU LỊCH | E37: =VLOOKUP(C37,'Trang tính3'!$B$10:$H$377,7,0) -> 99 | F37: =VLOOKUP(C37,'Trang tính2'!$B$1:$D$175,3,0) -> 3.33 | H37: - Giấy chứng nhận thanh niên tiên tiến Trường Đại học Sài Gòn làm theo lời Bác năm học 2024 - 2025 ngày 12/5/2025 của Đảng ủy Trường Đại học Sài Gòn. - Giấy chứng nhận Điển hình Thanh niên tiên tiến khoa Văn hóa và Du lịch làm theo lời Bác năm học 2024 - 2025 ngày 20 tháng 03 năm 2025 của BTV Đoàn khoa VH&DL. - Đạt danh hiệu “Cán bộ Đoàn tiêu biểu” năm học 2024-2025, Kỷ niệm 94 năm Ngày thành lập Đoàn TNCS Hồ Chí Minh (26/03/1931- 26/03/2025), ngày 18/4/2025 của Ban Chấp hành Đoàn trường Đại học Sài Gòn. | I37: - Giấy chứng nhận thành viên CLB ROE - CLB tiếng Anh khoa Văn hóa và Du lịch | J37: - Tham gia Sân chơi “Thanh niên khỏe” trong khuôn khổ ngày hội Tân sinh viên năm 2025 với chủ đề “SGU’s Day 2025” | K37: - Đã tham gia và đạt danh hiệu “Chiến sĩ giỏi tiêu biểu “ Chiến dịch tình nguyện mùa hè xanh Trường Đại học Sài Gòn lần thứ 32 năm 2025 của Ban chỉ huy chiến dịch Mùa hè xanh Trường Đại học Sài Gòn. - Giấy chứng nhận “ Là chiến sĩ đội hình Xuân sẻ chia” Chiến dịch Xuân tình nguyện Trường Đại học Sài Gòn của Ban chỉ huy Chiến dịch Xuân tình nguyện Trường Đại học Sài Gòn lần thứ 17 năm 2025. - Giấy chứng nhận “Là sinh viên tình nguyện Chương trình “TIẾP SỨC MÙA THI” năm 2025, ngày 01 tháng 7 năm 2025 của Giám đốc Trung tâm hỗ trợ học sinh, sinh viên Thành Phố Hồ Chí Minh. - Giấy xác nhận “ Đã tham gia 07 ngày tình nguyện Chương trình “TIẾP SỨC MÙA THI 2025” do Hội sinh viên Việt Nam Tp.Hồ Chí Minh và Trung tâm hỗ trợ học sinh sinh viên Thành phố Hồ Chí Minh Tổ Chức”, ngày 01 tháng 7 năm 2025, của Giám đốc Trung tâm hỗ trợ học sinh, sinh viên Thành Phố Hồ Chí Minh. | L37: Chứng chỉ IELTS - Tiếng Anh - Trình độ: B2 (5.5). Đơn vị cấp: IDP. Thời gian cấp: 23/4/2023. - Giấy khen “Đã có đóng góp tích cực trong công tác Đoàn và phong trào Thanh niên Trường Đại học Sài Gòn năm học 2024 - 2025” của BCH Đoàn Trường Đại học Sài Gòn ngày 24/10/2025 - Tham gia cuộc thi trắc nghiệm trực tuyến “Tự hào ngoại giao Việt Nam vững bước tiến vào kỷ nguyên mới của Thành Đoàn TP.Hồ Chí Minh ngày 29/8/2025 - Đạt 20/30 điểm, nằm trong TOP 50. | N37: ĐẠT | O37: MẪU 01 - BẢNG KHAI THÀNH TÍCH CÁ NHÂN - 2024-2025.docx | P37: MẪU 03 - MINH CHỨNG THÀNH TÍCH CÁ NHÂN - 2025.docx
A38: 33 | B38: Trang Võ Thảo Nhi | C38: 3122570086 | D38: VĂN HOÁ VÀ DU LỊCH | E38: =VLOOKUP(C38,'Trang tính3'!$B$10:$H$377,7,0) -> 100 | F38: =VLOOKUP(C38,'Trang tính2'!$B$1:$D$175,3,0) -> 3.49 | I38: Thiếu tiêu chuẩn khác | N38: KHÔNG ĐẠT | O38: TRANG VÕ THẢO NHI_3122570086_KHOAVHVDL_BẢNG KHAI THÀNH TÍCH.docx | P38: TRANG VÕ THẢO NHI_3122570086_KHOAVHVDL_MINH CHỨNG THÀNH TÍCH.docx
A39: 34 | B39: Trần Thị Ánh Lan | C39: 3122540040 | D39: VĂN HOÁ VÀ DU LỊCH | E39: =VLOOKUP(C39,'Trang tính3'!$B$10:$H$377,7,0) -> 100 | F39: =VLOOKUP(C39,'Trang tính2'!$B$1:$D$175,3,0) -> 3.18 | J39: MC không có xác nhận | L39: MC không có xác nhận | N39: KHÔNG ĐẠT | O39: TRẦN THỊ ÁNH LAN - 3122540040 - VHDL - BẢNG KHAI THÀNH TÍCH CÁ NHÂN.docx | P39: TRẦN THỊ ÁNH LAN - 3122540040 - VHDL - MINH CHỨNG THÀNH TÍCH CÁ NHÂN.docx
A40: 35 | B40: Trần Thị Thùy Duyên | C40: 3123540014 | D40: VĂN HOÁ VÀ DU LỊCH | E40: =VLOOKUP(C40,'Trang tính3'!$B$10:$H$377,7,0) -> 95.5 | F40: =VLOOKUP(C40,'Trang tính2'!$B$1:$D$175,3,0) -> 3.66 | H40: Giấy chứng nhận do Khoa Văn hóa và Du lịch cấp về việc Đã tham gia và hoàn thành tốt Minigame Tìm hiểu Luật biển Việt Nam Cuộc thi trắc nghiệm tương tác trực tuyến tìm hiểu về 80 năm Ngày Tổng tuyển cử đầu tiên bầu Quốc hội Việt Nam (06/01/1946 – 06/01/2026) | I40: Giấy chứng nhận của trường Đại học Sài Gòn theo Quyết định số 157/GCN-ĐHSG ngày 15/05/2025 về việc Thực hiện hoàn thành đề tài nghiên cứu khoa học cấp trường Giấy khen của Hiệu trưởng trường Đại học Sài Gòn theo Quyết định số 1223/QĐ-DHSG ngày 14/05/2025 về việc Đạt giải Khuyến khích lĩnh vực khoa học Xã hội và Nhân văn Cuộc thi Sinh viên nghiên cứu khoa học cấp trường năm 2025 | J40: Chứng nhận của Ban thư ký Hội sinh viên trường Đại học Sài Gòn theo Quyết định số 02/GCN-BTK ngày 18/08/2025 về việc Đã tham gia Hội thao Chào mừng Đại hội đại biểu Hội sinh viên Việt Nam trường Đại học Sài Gòn lần thứ IX, nhiệm kỳ 2025 - 2028 do Liên Chi hội sinh viên các khoa: Văn hóa và Du lịch, Ngoại ngữ, Khoa học Xã hội và Nghệ thuật , Luật đồng tổ chức. Đạt Danh hiệu “Sinh viên khỏe” trường Đại học Sài Gòn năm học 2024 – 2025 Giải nhất Kéo co Hội thao chào mừng Đại hội đại biểu Hội sinh viên trường Đại học Sài Gòn lần thứ IX, nhiệm kỳ 2025 – 2028 do Liên chi hội sinh viên các khoa: Văn hóa và Du lịch, Ngoại ngữ, Khoa học xã hội và Nghệ thuật, Luật đồng tổ chức | K40: Giấy chứng nhận của Câu lạc bộ Vòng tay lớn TP.Hồ Chí Minh theo quyết định số 021-GCN/VTL-MHX ngày 27/07/2025 về việc Là chiến sĩ chiến dịch thanh niên tình nguyện hè “Mùa hè xanh” năm 2025 tại phường Long An, tỉnh Tây Ninh Thời gian: 9 ngày (Từ 19/07/2025 đến 27/07/2025) Tiếp sức mùa thi kỳ thi Đánh giá năng lực năm 2025 Cụm thi trường Đại học Sài Gòn Thời gian: 1 ngày, ngày 01/06/2025 | L40: Chứng chỉ Aptis Esol trình độ B1, cấp ngày 23/11/2025. Đơn vị cấp: British Council Chứng nhận của Trung tâm hỗ trợ học sinh, sinh viên TP.Hồ Chí Minh theo Quyết định số 04.25/GCN-HTHSSV ngày 28/08/2025 về việc Hoàn thành lớp kỹ năng Tư duy sáng tạo Giấy chứng nhận của Câu lạc bộ Republic of English về việc Đã hoàn thành buổi workshop Take it out - Chinh phục kỹ năng nói | N40: ĐẠT | O40: TRẦN THỊ THÙY DUYÊN - 3123540014 - KHOA VĂN HÓA VÀ DU LỊCH - BẢNG KHAI THÀNH TÍCH (1) (2).docx | P40: TRẦN THỊ THÙY DUYÊN - 3123540014 - KHOA VĂN HÓA VÀ DU LỊCH - MINH CHỨNG THÀNH TÍCH (3).docx
A41: 36 | B41: Nguyễn Thị Thiện Nhàn | C41: 3121540085 | D41: VĂN HOÁ VÀ DU LỊCH | E41: 99 | F41: 3.87 | H41: Kết quả đánh giá chất lượng Đoàn viên năm học 2024 - 2025 đạt Hoàn thành xuất sắc nhiệm vụ. Là thành viên chính thức đội thi tham gia Hội thi Olympic các môn khoa học Mác – Lênin, tư tưởng Hồ Chí Minh năm 2025 do Trường Đại học Sài Gòn tổ chức. Là Đảng viên dự bị từ ngày 05/10/2024. | I41: Thực hiện đề tài khóa luận tốt nghiệp: “Quá trình điều chỉnh chính sách đối ngoại của Hoa Kỳ đối với khu vực Đông Nam Á trong hai thập niên đầu của thế kỷ XIX (2000-2020)” đạt 9.2 điểm, loại Xuất sắc. | J41: Đạt danh hiệu “Thanh niên khỏe” trường Đại học Sài Gòn năm 2024 theo Giấy chứng nhận số 02 - QĐGCN/HSV ngày 05/10/2024. | K41: Nhận Giấy khen của Trường Đại học Sài Gòn vì đã có thành tích xuất sắc trong Chiến dịch Xuân Tình nguyện lần thứ 17 năm 2025. Tham gia và nhận giấy chứng nhận hoàn thành Chiến dịch Xuân Tình nguyện trường Đại học Sài Gòn lần thứ 17 năm 2025. Tham gia chương trình “Vui Hội Trăng Rằm” năm 2024 tương ứng 01 ngày tình nguyện. Tham gia chương trình “Xuân san sẻ - Tết yêu thương” tương ứng 01 ngày tình nguyện. Tham gia chương trình “Tô vẽ mảng tường” tương ứng 01 ngày tình nguyện. Tham gia chương trình “Ngày Chủ nhật xanh lần thứ 156 năm 2025” và “Ngày Thứ bảy tình nguyện năm 2025”. | L41: Đạt trình độ ngoại ngữ tiếng Anh Aptis ESOL trình độ B1. Tham gia Chương trình Giao lưu và tặng quà cho sinh viên Lào tại ký túc xá sinh viên Lào Thành phố Hồ Chí Minh năm 2025. Xuất sắc hoàn thành nhiệm vụ tại khu vực “ASEAN Explorer - Sinh viên Đại học Sài Gòn tự tin hội nhập” trong Ngày hội Tân Sinh viên SGU's Day 2024. Nhận Giấy khen của Hội sinh viên Trường Đại học Sài Gòn vì có thành tích xuất sắc trong công tác Hội và phong trào sinh viên khoa Văn hoá và Du lịch nhiệm kỳ 2023-2025. Hoàn thành lớp tập huấn chuyên đề “Ứng dụng kỹ năng số cho sinh viên năm 2024” và chuyên đề “An toàn giao thông và kỹ năng phòng tránh va chạm trong hoạt động tình nguyện”. | M41: Đề xuất tiêu biểu | N41: ĐẠT | O41: 32.NGUYỄN THIỆN NHÀN .docx | P41: 32. NGUYỄN THỊ THIỆN NHÀN
A42: 37 | B42: Trần Trung Trí | C42: 3123570142 | D42: VĂN HOÁ VÀ DU LỊCH | E42: =VLOOKUP(C42,'Trang tính3'!$B$10:$H$377,7,0) -> 100 | F42: =VLOOKUP(C42,'Trang tính2'!$B$1:$D$175,3,0) -> 3.41 | H42: Kết quả phân tích chất lượng Đoàn viên năm học 2024 - 2025 đạt Hoàn thành xuất sắc nhiệm vụ. Đạt danh hiệu Thanh niên tiên tiến làm theo lời Bác khoa Văn hóa và Du lịch năm học 2024 - 2025 theo Giấy chứng nhận số 01-GCN/ĐTN-VHDL ngày 20/03/2025. | I42: Tham gia và có đóng góp tích cực cho hoạt động của Câu lạc bộ Truyền thông và đối ngoại khoa Văn hóa và Du lịch trong năm học 2024 - 2025 | J42: Tham gia sân chơi Thanh niên khỏe trong chuỗi các hoạt động thuộc ngày hội Tân Sinh viên SGU's Day 2025. | K42: Nhận Bằng khen của Ban Chấp hành Hội Sinh viên Thành phố Hồ Chí Minh vì đã có thành tích xuất sắc trong chiến dịch Xuân Tình Nguyện năm 2025. Nhận Giấy khen của Ban Chấp hành Đoàn Thanh niên Cộng sản Hồ Chí Minh Huyện Đảo Phú Quý vì thành tích xuất sắc trong chiến dịch Thanh niên tình nguyện hè năm 2025. Nhận Giấy khen của Ban Chấp hành Hội Sinh viên trường Đại học Sài Gòn vì thành tích tích cực trong chiến dịch Xuân Tình Nguyện năm 2025. Đảm nhận vai trò Đội trưởng đội hình Xuân Sẻ Chia và là thành viên Ban chỉ huy chiến dịch Xuân Tình Nguyện năm 2025. Đảm nhận vai trò thành viên Ban chỉ huy, phụ trách địa bàn xã Thái Mỹ và phường Phú Định trong chiến dịch Mùa hè Xanh trường Đại học Sài Gòn lần thứ 32. Tham gia hoạt động tình nguyện theo tuyến hoạt động của Thành Đoàn Thành phố Hồ Chí Minh tại Huyện Đảo Phú Quý trong 15 ngày. | L42: Đạt chứng chỉ ngoại ngữ Aptis trình độ B1 cấp ngày 22/09/2025. Nhận Bằng khen của Ban Chấp hành Hội Sinh viên Thành phố Hồ Chí Minh vì đã có thành tích xuất sắc trong công tác Hội và phong trào Sinh viên thành phố năm học 2024 - 2025. Đảm nhận vai trò phụ trách khu vực Myanmar và Philippines trong chuỗi các hoạt động quốc tế tại ngày hội Youth Fest 2025 theo chỉ đạo của Ủy ban Nhân dân Thành phố Hồ Chí Minh. | N42: ĐẠT | O42: BẢNG KHAI - TRẦN TRUNG TRÍ - 3123570142.docx | P42: MINH CHỨNG - TRẦN TRUNG TRÍ - 3123570142.docx
A43: 38 | B43: Hồ Đông Quân | C43: 3123020023 | D43: SƯ PHẠM KHOA HỌC TỰ NHIÊN | E43: =VLOOKUP(C43,'Trang tính3'!$B$10:$H$377,7,0) -> 100 | F43: =VLOOKUP(C43,'Trang tính2'!$B$1:$D$175,3,0) -> 3.90 | H43: Giấy khen của Ban Chấp hành Đảng bộ Trường Đại học Sài Gòn theo quyết định số 557-QĐ/ĐU ngày 12/05/2025 về việc Đạt danh hiệu Điển hình Thanh niên tiên tiến Trường Đại học Sài Gòn làm theo lời Bác năm học 2024 – 2025. Giấy chứng nhận của Đoàn Khoa Sư phạm Khoa học Tự nhiên ngày 11/05/2025 về việc Đạt danh hiệu Thanh niên tiên tiến Khoa Sư phạm Khoa học Tự nhiên Trường Đại học Sài Gòn làm theo lời Bác năm học 2024 – 2025. Giấy chứng nhận của Ban Thường vụ Đoàn trường – Ban Thư ký Hội sinh viên trường theo quyết định số 06-QĐCN/ĐTN-VP ngày 17/04/2025 về việc Đạt danh hiệu “Sao tháng thanh niên SGU – Nghĩ đúng Sống đẹp năm 2025”. Cuộc thi trực tuyến Tháng Thanh niên năm 2024 – 2025. | I43: Đề tài: Sử dụng mô hình máy phát điện mini trong dạy học chuyên đề “Vật lí trong một số ngành nghề” Vật lí 10 theo giáo dục STEM. Vai trò: Chủ nhiệm đề tài. Số điểm: 98/100. Xếp loại: Xuất sắc. Tên bài báo: Sử dụng mô hình máy phát điện mini trong dạy học chuyên đề "Vật lí trong một số ngành nghề" Vật lí 10 theo giáo dục STEM. Nhóm tác giả: Th.S Bùi Thị Cẩm Huệ - Hồ Đông Quân, Nguyễn Hoàng Khánh Linh, Vũ Hà Kiều Trang, Nguyễn Thị Mỹ Trâm. Tạp chí Thiết bị Giáo dục - Số 325 - Năm 2024 - Trang 10; 11; 39 Ngày phát hành: 20/12/2024. Giấy khen của Hiệu trưởng Trường Đại học Sài Gòn theo quyết định số 1224/QĐ-ĐHSG ngày 14/05/2025 về việc Đạt giải Giải Ba cuộc thi “Sinh viên nghiên cứu khoa học cấp trường năm 2025”. Bằng khen của Hội Vật lý Việt Nam theo quyết định số 043/HVLVN ngày 01/12/2024 về việc Đã đạt Giải Khuyến khích phần trắc nghiệm trong kì thi Olympic Vật lý Sinh viên toàn quốc lần thứ XXVI – năm 2024. | J43: Đạt giải Nhì Bóng đá nam trong hội thao truyền thống sinh viên Khoa SP KHTN năm học 2024 – 2025 Đạt hạng Nhất môn Kéo co trong hội thao truyền thống sinh viên Đại học Sài Gòn năm học 2025 – 2026. | K43: Chiến dịch Xuân tình nguyện khoa Sư phạm Khoa học Tự nhiên năm 2025. Chương trình Tiếp sức mùa thi 2025. 1 ngày: Chương trình Hành động nhỏ - Ý nghĩa to khoa Sư phạm Khoa học Tự nhiên năm 2024. 2 ngày: Giọt máu tình nguyện năm học 2024 – 2025. 1 ngày: Chương trình “Trung thu cho em” năm học 2024 – 2025. 3 ngày: Chiến dịch Xuân tình nguyện khoa Sư phạm Khoa học Tự nhiên năm 2025. 1 ngày: Thứ bảy tình nguyện năm 2025 – Xóa sơn, sạch đường phố. 1 ngày: Ngày chủ nhật xanh lần thứ 156 - năm 2025. 1 ngày: Chương trình một ngày tình nguyện 2025. 11 ngày: Chương trình Tiếp sức mùa thi 2025. Tham gia lực lượng diễu hành của thanh thiếu nhi Thành phố trong Lễ kỷ niệm 50 năm Ngày Giải phóng miền Nam, thống nhất nước (30/4/1975 – 30/4/2025). | L43: Chứng chỉ Aptis Esol Mức trình độ: B2 Đơn vị cấp: British Council Vietnam Ho Chi Minh City Ngày cấp: 05/10/2025 Giấy khen của Ban Chấp hành Hội Sinh viên Trường Đại học Sài Gòn theo quyết định số 48/QĐ-BTK ngày 23/10/2025 về việc “Đã có thành tích xuất sắc trong công tác Hội và phong trào sinh viên Trường Đại học Sài Gòn năm học 2024 – 2025”. Cuộc thi trực tuyến Chiếm lĩnh tri thức ASEAN năm 2025. | N43: ĐẠT | O43: HỒ ĐÔNG QUÂN – 3123020023 – KHOA SƯ PHẠM KHOA HỌC TỰ NHIÊN – BẢNG KHAI THÀNH TÍCH.docx | P43: HỒ ĐÔNG QUÂN – 3123020023 – KHOA SƯ PHẠM KHOA HỌC TỰ NHIÊN – MINH CHỨNG THÀNH TÍCH.docx | Q43: 25 SV5T KHOA 4 SV5TTB KHOÁ
A44: 39 | B44: Nguyễn Công Minh | C44: 3123020016 | D44: SƯ PHẠM KHOA HỌC TỰ NHIÊN | E44: =VLOOKUP(C44,'Trang tính3'!$B$10:$H$377,7,0) -> 96.5 | F44: =VLOOKUP(C44,'Trang tính2'!$B$1:$D$175,3,0) -> 3.32 | H44: - Thanh niên tiến tiến khoa sư phạm khoa học tự nhiên trường đại học sài gòn làm theo lời Bác năm học 2024 – 2025. - Đạt danh hiệu “Sao tháng thanh niên – Nghĩ đúng sống đẹp” năm 2025. - Cuộc thi trực tuyến tháng thanh niên năm học 2024 – 2025 Khoa Sư phạm Khoa học Tự nhiên - Cuộc thi trực tuyến “Tự hào Việt Nam” tuần 2 – tuần 3 - Cuộc thi trực tuyến “Việt Nam với chủ quyền biển đảo” | I44: - Đề tài “Vận dụng mô hình giáo dục STEM vào dạy học chuyên đề “Mở đầu về điện tử học” – Vật lý 11”, thành viên nhóm nghiên cứu, 99/100, đạt giải khuyến khích lĩnh vực khoa học giáo dục cuộc thi “Sinh viên nghiên cứu khoa học cấp trường năm 2025” Bài viết “Vận dụng mô hình giáo dục STEM vào dạy học chuyên đề “Mở đầu về điện tử học” – Vật lý 11”, số 327, tạp chí thiết bị giáo dục, 29/12/2024 Sinh viên nghiên cứu khoa học trường Đại học Sài Gòn năm 2025, Trường Đại học Sài Gòn, Giải khuyến khích lĩnh vực Khoa học giáo dục cuộc thi “Sinh viên nghiên cứu khoa học cấp trường năm 2025” | J44: Tham gia và đạt giải Nhì môn bóng đá nam Hội thao truyền thống Khoa sư phạm khoa học tự nhiên | K44: - Chương trình Hành động nhỏ - Ý nghĩa to - Chương trình “Tiếp Sức Mùa Thi” năm 2025 - Chiến dịch “Xuân Tình Nguyện” Khoa Sư phạm Khoa học Tự nhiên năm 2025 - Hoạt động “Một ngày tình nguyện” Khoa Sư phạm Khoa học Tự nhiên năm 2025 - Chương trình “Trung thu cho em” năm học 2024 – 2025 - Chương trình chủ nhật xanh năm 2025 Khoa Sư phạm Khoa học Tự nhiên - Tham gia hiến máu tình nguyện - 12 ngày Chương trình “Tiếp Sức Mùa Thi” năm 2025 - 3 ngày Chiến dịch “Xuân Tình Nguyện” Khoa Sư phạm Khoa học Tự nhiên năm 2025 - 1 ngày Hoạt động “Một ngày tình nguyện” Khoa Sư phạm Khoa học Tự nhiên năm 2025 - 1 ngày Chương trình “Trung thu cho em” năm học 2024 – 2025 - 1 ngày Chương trình chủ nhật xanh năm 2025 Khoa Sư phạm Khoa học Tự nhiên - 1 lần Tham gia hiến máu tình nguyện - Tham gia biểu diễn phục vụ tổ chức lễ kỉ niệm 50 năm ngày giải phóng miền nam thống nhất đất nước (30/4/1975 – 30/4/2025) | L44: APTIS ESOL, Tiếng Anh, B1, British Council, 05/10/2025 Tập huấn “Kỹ năng phòng, chống tội phạm công nghệ cao và lừa đảo trên nền tảng số” năm học 2024-2025 Cuộc thi trực tuyến “Chiếm lĩnh tri thức ASEAN” | N44: ĐẠT | O44: NGUYỄN CÔNG MINH - 3123020016- KHOA SƯ PHẠM KHOA HỌC TỰ NHIÊN - BẢNG KHAI THÀNH TÍCH CÁ NHÂN - 2024-2025.docx | P44: NGUYỄN CÔNG MINH - 3123020016 - KHOA SƯ PHẠM KHOA HỌC TỰ NHIÊN - MINH CHỨNG THÀNH TÍCH CÁ NHÂN - 2025.docx
A45: 40 | B45: Nguyễn Hoàng Khánh Linh | C45: 3123020013 | D45: SƯ PHẠM KHOA HỌC TỰ NHIÊN | E45: =VLOOKUP(C45,'Trang tính3'!$B$10:$H$377,7,0) -> 100 | F45: =VLOOKUP(C45,'Trang tính2'!$B$1:$D$175,3,0) -> 3.67 | H45: Thanh niên Tiên tiến Khoa Sư phạm Khoa học Tự nhiên làm theo lời Bác năm học 2024 - 2025 - 11/05/2025 Cuộc thi trực tuyến “Tự hào Việt Nam” tuần 2 và tuần 3. Cuộc thi trực tuyến “Việt Nam với chủ quyền biển đảo” Cuộc thi trực tuyến Tháng thanh niên năm học 2024 – 2025. Cuộc thi trực tuyến “Quân đội nhân dân Việt Nam 80 năm xây dựng, chiến đấu và trưởng thành” | I45: Nghiên cứu Khoa học cấp Trường. + Tên đề tài: Sử dụng mô hình máy phát điện mini trong dạy học chuyên đề “Vật lý trong một số ngành nghề” Vật lí 10 theo giáo dục STEM. + 98/100, loại Xuất sắc. + Hạng Ba cấp Trường lĩnh vực Khoa học Giáo dục. + Tạp chí Thiết bị Giáo dục, kỳ 2 – tháng 11 – 2024, số 325, ISSN 2859-0810, tên bài báo “Sử dụng mô hình máy phát điện mini trong dạy học chuyên đề “Vật lí trong một số ngành nghề” Vật lí 10 theo giáo dục STEM” + Nghiên cứu Khoa học cấp Trường - Xuất sắc - Hạng Ba lĩnh vực Khoa học Giáo dục. | J45: Đạt hạng Nhất môn Kéo co trong hội thao truyền thống sinh viên Đại học Sài Gòn năm học 2025 – 2026. | K45: - Tham gia và được cấp giấy chứng nhận hoàn thành một trong các chiến dịch, chương trình tình nguyện: Chương trình Hành động nhỏ - Ý nghĩa to 2024. Chương trình Tiếp Sức Mùa Thi năm 2025. Chiến dịch Xuân Tình Nguyện Khoa Sư phạm Khoa học Tự nhiên năm 2025. Chương trình “Trung thu cho em” năm học 2024 – 2025. 05 ngày Tiếp Sức Mùa Thi. 1 ngày Hành động nhỏ - Ý nghĩa to 2024. 1 ngày Trung thu cho em. 3 ngày Xuân Tình Nguyện. 1 ngày Thứ bảy tình nguyện. | L45: Chứng chỉ APTIS ESOL - Tiếng Anh -B2 - British Council - 05/10/2025. Thành viên chính chức Hội thi Nghiệp vụ sư phạm 2025 - cấp Trường - Đội thi Sư phạm Vật lý. Đoàn viên tiêu biểu năm học 2024 - 2025. Cuộc thi trực tuyến “Chiếm lĩnh tri thức Asean” | N45: ĐẠT | O45: NGUYỄN HOÀNG KHÁNH LINH - 3123020013 - KHOA SPKHTN - BẢNG KHAI THÀNH TÍCH CÁ NHÂN - 2024-2025.docx | P45: NGUYỄN HOÀNG KHÁNH LINH - 3123020013 - KHOA SPKHTN - MINH CHỨNG THÀNH TÍCH CÁ NHÂN - 2025.docx
A46: 41 | B46: Nguyễn Thị Mỹ Linh | C46: 3123060018 | D46: SƯ PHẠM KHOA HỌC TỰ NHIÊN | E46: =VLOOKUP(C46,'Trang tính3'!$B$10:$H$377,7,0) -> 95 | F46: =VLOOKUP(C46,'Trang tính2'!$B$1:$D$175,3,0) -> 3.63 | H46: Giấy chứng nhận của ban chấp hành đoàn khoa ngày 11/05/2025 về đạt danh hiệu thanh niên tiên tiến khoa Sư phạm Khoa học Tự nhiên trường Đại học Sài Gòn làm theo lời Bác năm học 2024-2025 Giấy khen của ban chấp hành đoàn trường QD số 07-QDKT/DTN-VP ngày 18/04/2025 về việc đạt danh hiệu đoàn viên tiêu biểu năm 2024-2025 Tham gia Cuộc thi Tự hào Việt Nam | I46: Giấy chứng nhận của ban thường vụ đoàn khoa ngày 10/05/2025 về việc đã có đóng góp tích cực trong hoạt động của CLB Khoa học trẻ | J46: Giải Nhất bóng đá nữ Khoa Giấy Chứng nhận của liên đoàn taekwondo TP.HCM ngày 24/11/2024 về đã có thành tích thi đấu xuất sắc (Huy chương đồng) Thành viên CLB taewondo SGU | K46: - 3 ngày xuân tình nguyện khoa - 1 ngày tham gia “ một ngày tình nguyện” - 1 ngày tham gia Hành động nhỏ - Ý nghĩa to | L46: Bằng APTIS B1 Chuyên đề ngành Sinh Giao lưu văn hóa Việt - Ấn khoa Khoa học xã hội và nghệ thuật | N46: ĐẠT | O46: Nguyễn Thị Mỹ Linh - 3123060018 - Khoa SPKHTN - Bảng khai thành tích.docx | P46: Nguyễn Thị Mỹ Linh - 3123060018 - Khoa SPKHTN - Minh chứng thành tích.docx
A47: 42 | B47: Phạm Thái Hoài An | C47: 3123020002 | D47: SƯ PHẠM KHOA HỌC TỰ NHIÊN | E47: =VLOOKUP(C47,'Trang tính3'!$B$10:$H$377,7,0) -> 100 | F47: =VLOOKUP(C47,'Trang tính2'!$B$1:$D$175,3,0) -> 3.93 | H47: Là thành viên chính thức đội thi tìm hiểu về chủ nghĩa Mác - Lênin, tư tưởng Hồ Chí Minh từ cấp khoa trở lên Là Thanh niên tiên tiến Trường Đại học Sài Gòn làm theo lời Bác năm học 2024 – 2025, tuyên dương ngày 19/5/2025 Đạt danh hiệu “Sao tháng thanh niên – Nghĩ đúng sống đẹp SGU” năm 2025 | I47: Tham gia nghiên cứu khoa học sinh viên: Đề tài “Vận dụng mô hình giáo dục STEM vào dạy học Chuyên đề “Mở đầu về điện tử học” – Vật lý 11”, thành viên nhóm nghiên cứu, 99/100, đạt giải Khuyến khích lĩnh vực Khoa học Giáo dục cuộc thi “Sinh viên nghiên cứu khoa học cấp trường năm 2025. Bài viết “Vận dụng mô hình giáo dục STEM vào dạy học chuyên đề “Mở đầu về điện tử học” – Vật lý 11”; số 327, Tạp chí Thiết bị giáo dục, 29/12/2024 Đạt giải Khuyến khích lĩnh vực Khoa học Giáo dục cuộc thi “Sinh viên nghiên cứu khoa học cấp trường năm 2025. | J47: Giải Bóng đá truyền thống Sinh viên khoa Sư phạm Khoa học Tự nhiên năm 2024, giải Ba | K47: Bằng khen của Hội Sinh viên Việt Nam Thành phố Hồ Chí Minh về việc Đã có thành tích xuất sắc trong Chương trình “Tiếp sức mùa thi” năm 2025. GCN Hành động nhỏ - Ý nghĩa to GCN Chương trình Tiếp Sức Mùa Thi năm 2025. GCN Chiến dịch Xuân Tình Nguyện Khoa Sư phạm Khoa học Tự nhiên năm 2025. GCN Chương trình Một ngày tình nguyện năm 2025. GCN Chương trình Thứ Bảy tình nguyện 2025. Tham gia diễu binh – diễu hành kỷ niệm 50 năm Ngày Giải phóng Miền Nam thống nhất đất nước. | L47: APTIS ESOL, Tiếng Anh, B2, British Council Giấy khen của Đoàn trường về việc Đã có thành tích xuất sắc trong công tác Đoàn và phong trào thanh niên trường Đại học Sài Gòn năm học 2024 – 2025. Cuộc thi “Chiếm lĩnh tri thức ASEAN”, LCH SV Khoa Sư phạm Khoa học Tự nhiên, trực tuyến, 13-15/5/2025. | N47: ĐẠT | O47: PHẠM THÁI HOÀI AN - 3123020002 - KHOA SƯ PHẠM KHOA HỌC TỰ NHIÊN - BẢNG KHAI THÀNH TÍCH CÁ NHÂN - 2024-2025.docx | P47: PHẠM THÁI HOÀI AN - 3123020002 - MINH CHỨNG THÀNH TÍCH CÁ NHÂN.docx
A48: 43 | B48: Thái Thị Kim Ngân | C48: 3122030009 | D48: SƯ PHẠM KHOA HỌC TỰ NHIÊN | E48: =VLOOKUP(C48,'Trang tính3'!$B$10:$H$377,7,0) -> 99 | F48: =VLOOKUP(C48,'Trang tính2'!$B$1:$D$175,3,0) -> 2.91 | H48: Thành viên Ban Tổ chức Cuộc thi trực tuyến “Việt Nam với chủ quyền biển đảo” khoa Sư phạm Khoa học Tự nhiên năm 2025. | I48: Giấy khen của Hiệu trưởng trường Đại học Sài Gòn khen thưởng vì đã đạt giải nhất lĩnh vực Khoa học Tự nhiên Cuộc thi “Sinh viên nghiên cứu khoa học cấp trường năm 2025” | J48: Giấy chứng nhận tham gia Giải Việt dã Học sinh, Sinh viên TP. Hồ Chí Minh mở rộng năm 2025 cúp “Chị Ngã Em Nâng”. | K48: Trưởng ban tổ chức Chiến dịch Xuân tình nguyện khoa Sư phạm Khoa học Tự nhiên năm 2025 BTC Ngày Chủ nhật Xanh lần thứ 152, năm 2024 (1 ngày) BTC Chương trình “Trung thu cho em” năm 2025 (1 ngày) BTC Chiến dịch Xuân tình nguyện khoa Sư phạm Khoa học Tự nhiên năm 2025 (3 ngày) | L48: - Chứng chỉ ngoại ngữ Tiếng Anh VSTEP (B1, trường Đại học Sài Gòn, 25/8/2025). - Giấy khen của BCH HSV trường Đại học Sài Gòn vì đã có đóng góp tích cực trong công tác Hội và phong trào sinh viên khoa Sư phạm Khoa học Tự nhiên, nhiệm kỳ 2023-2025. - BTC Cuộc thi trực tuyến “Chiếm lĩnh tri thức ASEAN” khoa Sư phạm Khoa học Tự nhiên năm 2025. | N48: ĐẠT | O48: THÁI THỊ KIM NGÂN - 3122030009 - KHOA SPKHTN - BẢNG KHAI THÀNH TÍCH.docx | P48: THÁI THỊ KIM NGÂN - 3122030009 - KHOA SPKHTN - MINH CHỨNG.docx
A49: 44 | B49: Trần Ngọc Tuyết Như | C49: 3123020019 | D49: SƯ PHẠM KHOA HỌC TỰ NHIÊN | E49: =VLOOKUP(C49,'Trang tính3'!$B$10:$H$377,7,0) -> 100 | F49: =VLOOKUP(C49,'Trang tính2'!$B$1:$D$175,3,0) -> 3.93 | H49: - Đạt danh hiệu Thanh niên tiên tiến làm theo lời Bác Khoa Sư phạm Khoa học Tự nhiên năm học 2024 – 2025 - Đạt danh hiệu Sao tháng “Thanh niên SGU nghĩ đúng – sống đẹp” năm 2025. - Tham gia và đạt chứng nhận các cuộc thi: + Cuộc thi trực tuyến “tự hào Việt Nam” tuần 2 + tuần 3 + Cuộc thi trực tuyến “Việt Nam với chủ quyền biển đảo” năm học 2024 – 2025. + Cuộc thi trực tuyến tháng Thanh niên năm học 2024 – 2025. + Cuộc thi trực tuyến “Quân đội nhân dân Việt Nam 80 năm xây dựng, chiến đấu và trưởng thành.” | I49: - Đề tài “Vận dụng mô hình giáo dục STEM vào dạy học chuyên đề “Mở đầu về điện tử học” – Vật lý 11” - Vai trò: Chủ nhiệm đề tài - Nghiệm thu xuất sắc 99 điểm - Đạt giải Khuyến khích lĩnh vực Khoa học Giáo dục cuộc thi “Sinh viên nghiên cứu khoa học cấp trường năm 2025.” - Bài báo “Vận dụng mô hình giáo dục STEM vào dạy học chuyên đề “Mở đầu về điện tử học” – Vật lý 11”; Tạp chí Thiết bị giáo dục – số 327. - Đạt giải Khuyến khích lĩnh vực Khoa học Giáo dục cuộc thi “Sinh viên nghiên cứu khoa học cấp trường năm 2025.” - Thành viên tham gia tích cực CLB Khoa học trẻ Khoa Sư phạm Khoa học Tự nhiên | J49: - Đạt giải Ba môn Bóng đá nữ cấp khoa năm học 2024 - 2025 - Thành viên chính thức đội tuyển kéo co cấp trường. | K49: - Tham gia và đạt giấy chứng nhận các chiến dịch, chương trình sau: + Chiến dịch Xuân tình nguyện Khoa Sư phạm Khoa học Tự nhiên năm 2025. + Chương trình Tiếp sức mùa thi năm 2025. + Chương trình “Trung thu cho em” năm học 2024 – 2025 + Chương trình “Một ngày tình nguyện” năm học 2024 – 2025. + Hành động nhỏ - Ý nghĩa to năm học 2024 - 2025 - Số ngày thực tế tham gia các hoạt động tình nguyện cộng đồng trong năm: + 2 ngày chiến dịch Xuân tình nguyện Khoa Sư phạm Khoa học Tự nhiên năm 2025. + 12 ngày chương trình Tiếp sức mùa thi năm 2025. + 1 ngày chương trình “Trung thu cho em” năm học 2024 – 2025 + 1 ngày chương trình “Một ngày tình nguyện” năm học 2024 – 2025. + 1 ngày hành động nhỏ - Ý nghĩa to năm học 2024 - 2025 - Tham gia các hoạt động đặc biệt do Nhà trường huy động như: + Chương trình âm nhạc dân tộc học đường 2025: chủ đề nghệ thuật Hát Bội + Danh sách đăng ký tham gia biểu diễn phục vụ Tổ chức lễ kỷ niệm 50 năm ngày giải phóng miền nam, thống nhất đất nước (30/4/1975 – 30/4/2025) đội hình biểu diễn chương trình nghệ thuật | L49: - Chứng chỉ tiếng anh Aptis ESOL B2, British Council Vietnam Ho Chi Minh City, 12/10/2025. - Thành viên chính thức hội thi “Nghiệp vụ Sư phạm” Trường Đại học Sài Gòn năm học 2024 – 2025 - Giấy khen Ban Chấp hành Hội Sinh viên Trường đã có thành tích xuất sắc trong công tác Hội và phong trào sinh viên Trường Đại học Sài Gòn năm học 2024 – 2025. - Thành viên Ban Tổ chức cuộc thi trực tuyến “Chiếm lĩnh tri thức Asean” khoa Sư phạm Khoa học Tự nhiên | N49: ĐẠT | O49: TRẦN NGỌC TUYẾT NHƯ - 3123020019 - KHOA SƯ PHẠM KHOA HỌC TỰ NHIÊN - BẢNG KHAI THÀNH TÍCH CÁ NHÂN - 2024-2025.docx | P49: TRẦN NGỌC TUYẾT NHƯ - 3123020019 - KHOA SƯ PHẠM KHOA HỌC TỰ NHIÊN - MINH CHỨNG THÀNH TÍCH.docx
A50: 45 | B50: Trần Thanh Tiến | C50: 3123020031 | D50: SƯ PHẠM KHOA HỌC TỰ NHIÊN | E50: =VLOOKUP(C50,'Trang tính3'!$B$10:$H$377,7,0) -> 94.5 | F50: =VLOOKUP(C50,'Trang tính2'!$B$1:$D$175,3,0) -> 3.51 | I50: Không đạt | N50: KHÔNG ĐẠT | O50: TRẦN THANH TIẾN - 3123020031 - KHOA SPKHTN - BẢNG KHAI THÀNH TÍCH CÁ NHÂN - 2024-2025.docx | P50: TRẦN THANH TIẾN - 3123020031 - MINH CHỨNG THÀNH TÍCH CÁ NHÂN.docx
A51: 46 | B51: Trần Thị Huỳnh Như | C51: 3121020023 | D51: SƯ PHẠM KHOA HỌC TỰ NHIÊN | E51: =VLOOKUP(C51,'Trang tính3'!$B$10:$H$377,7,0) -> 99 | F51: =VLOOKUP(C51,'Trang tính2'!$B$1:$D$175,3,0) -> 3.43 | H51: - Đạt danh hiệu Thanh niên tiên tiến Khoa Sư phạm Khoa học Tự nhiên làm theo lời Bác năm học 2024 – 2025 - Đạt danh hiệu Thanh niên tiên tiến Trường Đại học Sài Gòn làm theo lời Bác năm học 2024 – 2025. | I51: CLB Khoa học trẻ Khoa Sư phạm Khoa học Tự nhiên | J51: Tham gia Hội thao Đảng viên Sinh viên trường Đại học Sài Gòn năm 2025 và đạt giải khuyến khích môn bóng đá | K51: Giấy khen của Chủ tịch Uỷ ban nhân dân xã Đắk Mil Đã có thành tích xuất sắc trong Chiến dịch Mùa hè Xanh xã Đắk Mil năm 2025. Chiến dịch Xuân tình nguyện Khoa Sư phạm Khoa học Tự nhiên năm 2025. Chương trình Tiếp sức mùa thi năm 2025. Chương trình “Trung thu cho em” năm học 2024 – 2025 Tham gia ít nhất 05 lượt hoạt động tình nguyện/ năm Chiến dịch tình nguyện Mùa hè xanh trường Đại học Sài Gòn lần thứ 32 năm 2025: 12 ngày Chương trình Tiếp sức mùa thi năm 2025. Chương trình “Một ngày tình nguyện” năm học 2024 – 2025. | L51: - Đạt Chứng chỉ Aptis ESOL General, trình độ B1, Aptis Council VietNam, cấp ngày 04/9/2024. 4. Số lớp kỹ năng thực hành xã hội hoàn thành trong năm học 2024 – 2025 - Thành viên chính thức hội thi “Nghiệp vụ Sư phạm” Trường Đại học Sài Gòn năm học 2024 – 2025 - Được Đoàn Thanh niên - Hội Sinh viên từ cấp trường trở lên khen thưởng về thành tích xuất sắc trong công tác Đoàn và phong trào thanh niên hoặc công tác Hội và phong trào sinh viên năm học 2024 – 2025 Cuộc thi trực tuyến “Chiếm lĩnh tri thức Asean | N51: ĐẠT | O51: TRẦN THỊ HUỲNH NHƯ - 3121020023 - KHOA SƯ PHẠM KHOA HỌC TỰ NHIÊN - BẢNG KHAI THÀNH TÍCH CÁ NHÂN - 2024-2025.docx | P51: TRẦN THỊ HUỲNH NHƯ - 3121020023 - KHOA SƯ PHẠM KHOA HỌC TỰ NHIÊN - MINH CHỨNG THÀNH TÍCH.docx
A52: 47 | B52: Trương Ngọc Thảo My | C52: 3123060021 | D52: SƯ PHẠM KHOA HỌC TỰ NHIÊN | E52: =VLOOKUP(C52,'Trang tính3'!$B$10:$H$377,7,0) -> 98.5 | F52: =VLOOKUP(C52,'Trang tính2'!$B$1:$D$175,3,0) -> 3.32 | H52: Đạt danh hiệu Sao tháng thanh niên trường ĐH Sài Gòn Thanh niên tiên tiến làm theo lời Bác khoa SP KHTN Cuộc thi trực tuyến VN với chủ quyền biển đảo Cuộc thi trực tuyến Tự hào Việt Nam | I52: Thành viên CLB Khoa học trẻ - khoa SPKHTN | J52: Thanh niên khỏe trường ĐHSG NH24-25 | K52: Tham gia chương trình Tiếp sức mùa thi – 5 ngày tình nguyện Tham gia 3 ngày tình nguyện – chiến dịch Xuân tình nguyện khoa SP KHTN năm 2025 Tham gia phát quà trung thu tại mái ấm Tâm Đức – 1 ngày tình nguyện Tham gia bán cơm tại quán ăn từ thiện 2000 – 1 ngày tình nguyện Cổ vũ Giải bóng đá Thanh niên Sinh viên Việt Nam lần III Lễ khai giảng năm học mới 2025 – 2026, kỷ niệm 80 năm thành lập Bộ Quốc gia Giáo dục (chưa có danh sách chính thức) | L52: Chứng chỉ TOEIC Tham gia báo cáo chuyên đề ngành Sinh Người tham gia chương trình giao lưu văn hóa Việt - Ấn qua phim điện ảnh do khoa Khoa học xã hội và nghệ thuật tổ chứ | N52: ĐẠT | O52: Trương Ngọc Thảo My - 3123060021 - BẢNG KHAI THÀNH TÍCH CÁ NHÂN - 2024-2025.docx | P52: Trương Ngọc Thảo My - 3123060021 - MINH CHỨNG THÀNH TÍCH CÁ NHÂN - 2025.docx
A53: 48 | B53: Trương Thùy Trang | C53: 3121060033 | D53: SƯ PHẠM KHOA HỌC TỰ NHIÊN | E53: =VLOOKUP(C53,'Trang tính3'!$B$10:$H$377,7,0) -> 100 | F53: =VLOOKUP(C53,'Trang tính2'!$B$1:$D$175,3,0) -> 3.50 | H53: Kết quả phân tích chất lượng Đoàn viên năm học 2024 - 2025 đạt Hoàn thành xuất sắc nhiệm vụ. Đảm nhận vai trò Đội trưởng đội thi tìm hiểu về chủ nghĩa Mác - Lênin, tư tưởng Hồ Chí Minh khoa Sư phạm Khoa học Tự nhiên. Đạt danh hiệu Thanh niên tiên tiến làm theo lời Bác cấp Khoa Sư phạm Khoa học Tự nhiên và cấp Trường Đại học Sài Gòn năm học 2024 – 2025. Tham gia ủng hộ bão lũ thông qua quỹ của Chi bộ Sinh viên 4. Tham gia các cuộc thi trực tuyến Tự hào Việt Nam, Quân đội nhân dân Việt Nam 80 năm xây dựng, chiến đấu và trưởng thành. | I53: Đảm nhận vai trò Chủ nhiệm Câu lạc bộ Khoa học trẻ và có đóng góp tích cực trong hoạt động của câu lạc bộ năm học 2024 - 2025. | J53: Tham gia Hội thao truyền thống Sinh viên trường Đại học Sài Gòn môn bóng bàn nội dung đơn nữ. Điểm trung bình các học phần Giáo dục Thể chất đã hoàn thành đạt 9.6. Đạt giải Nhất cuộc thi Giải bóng đá truyền thống khoa Sư phạm Khoa học Tự nhiên năm 2024. Được cấp giấy chứng nhận Sinh viên khỏe năm 2024 cấp khoa. Là vận động viên tham gia Hội thao cấp Trường Đợt 1 năm 2024 môn bóng bàn. | K53: Tham gia lực lượng diễu hành của thanh thiếu nhi Thành phố trong Lễ kỷ niệm 50 năm Ngày Giải phóng miền Nam, thống nhất đất nước. Tham gia chương trình Tiếp sức mùa thi năm 2025 với 4 ngày tình nguyện. Tham gia Chiến dịch Xuân tình nguyện Khoa Sư phạm Khoa học Tự nhiên năm 2025 với 3 ngày tình nguyện. Tham gia chương trình Hành động nhỏ - Ý nghĩa to năm học 2024 – 2025 tương ứng 1 ngày tình nguyện. Tham gia làm Tình nguyện viên Online Mùa hè xanh năm 2024 tương ứng 1 ngày tình nguyện. | L53: Đạt chứng chỉ ngoại ngữ Aptis ESOL General trình độ B1 do Aptis Council Việt Nam cấp ngày 17/11/2024. Điểm trung bình các học phần Ngoại ngữ đạt 8.0/10.0. Tham gia vòng sơ loại Olympic Tiếng Anh học sinh – sinh viên toàn quốc lần thứ 6. Đạt giải Khuyến khích Hội thi Nghiệp vụ Sư phạm trường Đại học Sài Gòn với vai trò đội trưởng đội thi ngành Sư phạm Sinh học tháng 12/2024. Đạt giải Nhì Cuộc thi sinh viên thanh lịch cấp khoa năm học 2024 – 2025. Đảm nhận vai trò Báo cáo viên tại diễn đàn Chia sẻ giải pháp nâng cao chất lượng hoạt động các Câu lạc bộ - Đội – Nhóm cấp trường. Có chứng chỉ Tin học trình độ Công nghệ thông tin cơ bản và chứng chỉ Ứng dụng Công nghệ thông tin trong dạy học. Đạt danh hiệu Đoàn viên tiêu biểu trường Đại học Sài Gòn năm học 2024 - 2025 Được khen thưởng Sinh viên hoàn thành xuất sắc đợt Thực tập Sư phạm 1 tại trường Trung học Thực hành Sài Gòn và đợt Thực tập Sư phạm 2 tại trường Trung học phổ thông Trưng Vương. | N53: ĐẠT | O53: TRƯƠNG THÙY TRANG - 3121060033 - KHOA SƯ PHẠM KHOA HỌC TỰ NHIÊN -BẢNG KHAI THÀNH TÍCH CÁ NHÂN.docx | P53: TRƯƠNG THÙY TRANG - 3121060033 - KHOA SƯ PHẠM KHOA HỌC TỰ NHIÊN - MINH CHỨNG THÀNH TÍCH CÁ NHÂN.docx
A54: 49 | B54: Vũ Hà Kiều Trang | C54: 3123020035 | D54: SƯ PHẠM KHOA HỌC TỰ NHIÊN | E54: =VLOOKUP(C54,'Trang tính3'!$B$10:$H$377,7,0) -> 94 | F54: =VLOOKUP(C54,'Trang tính2'!$B$1:$D$175,3,0) -> 3.50 | H54: Giấy chứng nhận của Đoàn Khoa Sư phạm Khoa học Tự nhiên ngày 11/05/2025 về việc Đạt danh hiệu Thanh niên tiên tiến Khoa Sư phạm Khoa học Tự nhiên Trường Đại học Sài Gòn làm theo lời Bác năm học 2024 – 2025. Giấy chứng nhận của Ban Thường vụ Đoàn trường – Ban Thư ký Hội sinh viên trường theo quyết định số 06-QĐCN/ĐTN-VP ngày 17/04/2025 về việc Đạt danh hiệu “Sao tháng thanh niên SGU – Nghĩ đúng Sống đẹp năm 2025”. | I54: Đề tài: Sử dụng mô hình máy phát điện mini trong dạy học chuyên đề “Vật lí trong một số ngành nghề” Vật lí 10 theo giáo dục STEM. Vai trò: Thành viên. Số điểm: 98/100. Xếp loại: Xuất sắc. Tên bài báo: Sử dụng mô hình máy phát điện mini trong dạy học chuyên đề "Vật lí trong một số ngành nghề" Vật lí 10 theo giáo dục STEM. Nhóm tác giả: Th.S Bùi Thị Cẩm Huệ - Hồ Đông Quân, Nguyễn Hoàng Khánh Linh, Vũ Hà Kiều Trang, Nguyễn Thị Mỹ Trâm. Tạp chí Thiết bị Giáo dục - Số 325 - Năm 2024 - Trang 10; 11; 39. Ngày phát hành: 20/12/2024. Giấy khen của Hiệu trưởng Trường Đại học Sài Gòn theo quyết định số 1224/QĐ-ĐHSG ngày 14/05/2025 về việc Đạt giải Giải Ba cuộc thi “Sinh viên nghiên cứu khoa học cấp trường năm 2025”. | J54: - Giải Bóng đá truyền thống Sinh viên khoa Sư phạm Khoa học Tự nhiên năm 2024, giải Ba | K54: Chiến dịch Xuân tình nguyện khoa Sư phạm Khoa học Tự nhiên năm 2025. Chương trình Tiếp sức mùa thi 2025. Ngày chủ nhật xanh lần thứ 156 - năm 2025 Chương trình “Một ngày tình nguyện” năm học 2024 – 2025. Hành động nhỏ - Ý nghĩa to năm học 2024 - 2025 | L54: Chứng chỉ Aptis Esol Mức trình độ: B1 Đơn vị cấp: British Council Vietnam Ho Chi Minh City Ngày cấp: 12/10/2025 Chương trình tuyên truyền về sức khoẻ sinh sản với chủ đề “Phòng tránh các bệnh lây lan qua đường tình dục” HKII năm học 2024-2025 Cuộc thi trực tuyến Chiếm lĩnh tri thức ASEAN năm 2025. 6. Tiêu chuẩn ưu tiên | N54: ĐẠT | O54: VŨ HÀ KIỀU TRANG - 3123020035 - KHOA SƯ PHẠM KHOA HỌC TỰ NHIÊN - BẢNG KHAI THÀNH TÍCH CÁ NHÂN - 2024-2025.docx | P54: VŨ HÀ KIỀU TRANG – 3123020035 – KHOA SƯ PHẠM KHOA HỌC TỰ NHIÊN – MINH CHỨNG THÀNH TÍCH.docx
A55: 50 | B55: Lê Minh Khánh Duy | C55: 3122060003 | D55: SƯ PHẠM KHOA HỌC TỰ NHIÊN | E55: 98.5 | F55: 4.0 | H55: Giải nhì Hội thi OLYMPIC Mác – Lê Nin và Tư tưởng Hồ Chí Minh trường Đại học Sài Gòn năm 2025. Giấy khen của Ban Chấp hành Đảng bộ Trường Đại học Sài Gòn theo quyết định số 557-QĐ/ĐU ngày 12/05/2025 về việc Đạt danh hiệu Điển hình Thanh niên tiên tiến Trường Đại học Sài Gòn làm theo lời Bác năm học 2024 – 2025. Giấy chứng nhận của Đoàn Khoa Sư phạm Khoa học Tự nhiên ngày 11/05/2025 về việc Đạt danh hiệu Thanh niên tiên tiến Khoa Sư phạm Khoa học Tự nhiên Trường Đại học Sài Gòn làm theo lời Bác năm học 2024 – 2025. | I55: Giải BA trong cuộc thi Olympic Sinh học Sinh viên toàn quốc lần thứ V năm 2025 tổ chức tại Trường Đại học Sư phạm, Đại học Huế. (Số 03/20255/QĐ-HSVVN ngày 24/8/2025) | J55: Thành viên đội tuyển kéo co đạt giải I – hội thao Đảng viên các chi bộ sinh viên (mở rộng) trường Đại học Sài Gòn năm 2025. (ngày 17/5/2025) | K55: Bằng khen đã có thành tích xuất sắc trong Chương trình “Tiếp sức mùa thi” năm 2024 của Hội sinh viên thành phố Hồ Chí Minh. (Số 13QĐ-TĐKT ngày 26/8/2024 - Chiến dịch Xuân tình nguyện khoa Sư phạm Khoa học Tự nhiên năm 2025. - Chương trình Tiếp sức mùa thi 2025. | L55: - Chứng chỉ Aptis ESOL Giải Khuyến khích Hội thi Nghiệp vụ Sư phạm trường Đại học Sài Gòn năm học 2024 -2025 - Đã đạt danh hiệu “Sinh viên 5 tốt” Khoa Sư phạm Khoa học Tự nhiên năm học 2023 – 2024. - Giấy khen đã có thành tích xuất sắc trong công tác Hội và phong trào sinh viên Trường Đại học Sài Gòn năm học 2024 – 2025. - Giấy khen Đã đạt danh hiệu Cán bộ Hội tiêu biểu năm học 2024 – 2025. - Giấy khen Đã có thành tích xuất sắc trong công tác Hội và phong trào sinh viên khoa Sư phạm Khoa học Tự nhiên nhiệm kì 2023 – 2025. NGÀY HỘI SINH VIÊN VỚI NGOẠI NGỮ LẦN 10 - NĂM 2025, VỚI CHỦ ĐỀ "GENZITH HORIZON - GEN Z VƯƠN TỚI TƯƠNG LAI" Ngày 17/5/2025 Tại Trường Đại học Y khoa Phạm Ngọc Thạch. | N55: ĐẠT | O55: LÊ MINH KHÁNH DUY - 3122060003 - KHOA SƯ PHẠM KHOA HỌC TỰ NHIÊN - BẢNG KHAI THÀNH TÍCH.docx | P55: LÊ MINH KHÁNH DUY - 3122060003 - KHOA SƯ PHẠM KHOA HỌC TỰ NHIÊN - MINH CHỨNG THÀNH TÍCH.docx
A56: 51 | B56: Đinh Thị Lan Anh | C56: 3123500003 | D56: KỸ THUẬT VÀ CÔNG NGHỆ | E56: =VLOOKUP(C56,'Trang tính3'!$B$10:$H$377,7,0) -> 100 | F56: =VLOOKUP(C56,'Trang tính2'!$B$1:$D$175,3,0) -> 3.50 | L56: Thiếu tiêu chuẩn khác | N56: KHÔNG ĐẠT | O56: ĐINH THỊ LAN ANH - 3123500003 - KỸ THUẬT VÀ CÔNG NGHỆ - BẢNG KHAI THÀNH TÍCH.docx | P56: ĐINH THỊ LAN ANH - 3123500003 - KỸ THUẬT VÀ CÔNG NGHỆ -MINH CHỨNG THÀNH TÍCH.docx | Q56: 12 SV5T KHOA 7 SV5TTB KHOA
A57: 52 | B57: Nguyễn Đức Thắng | C57: 3123340038 | D57: KỸ THUẬT VÀ CÔNG NGHỆ | E57: =VLOOKUP(C57,'Trang tính3'!$B$10:$H$377,7,0) -> 98.5 | F57: =VLOOKUP(C57,'Trang tính2'!$B$1:$D$175,3,0) -> 3.30 | H57: Giấy Chứng nhận của Ban Thường vụ Đoàn trường - Ban Thư ký Hội Sinh viên trường theo quyết định số 06/QĐCN/ĐTN-VP ngày 17/04/2025 về Đạt danh hiệu Sao tháng thanh niên SGU Nghĩ đúng sống đẹp năm 2025. Giấy Chứng nhận của Ban Thường vụ Đoàn khoa theo quyết định số 01/GCN/ĐTN ngày 27/04/2025 về Đạt danh hiệu Điển hình Thanh niên tiên tiến khoa Kỹ thuật và Công nghệ làm theo lời Bác năm học 2024 - 2025. | I57: Giấy số 11/GCN-ĐHSG ngày 15/05/2025 về Thực hiện hoàn thành đề tài NCKH cấp trường sinh viên Đề tài “Đánh giá hiện trạng các điểm phát sinh chất thải rắn sinh hoạt trên địa bàn phường An Phú, thành phố Thủ Đức” 90,6 điểm, xếp loại Xuất sắc | J57: Đạt giải 3 Kéo co hội thao Cụm hoạt động số 3 năm học 2024 - 2025. | K57: Giấy khen của Ban Chấp hành Đoàn trường theo quyết định số 14/QĐKT/ĐTN-VP ngày 08/8/2025 về “Đã đóng góp tích cực trong Chiến dịch tình nguyện mùa hè xanh trường Đại học Sài Gòn lần thứ 32 năm 2025. | L57: Chứng chỉ Aptis Esol B1, được British Council Vietnam Ho Chi Minh city cấp, ngày 5/9/2025 Giấy khen của Ban Chấp hành Hội Sinh viên trường Đại học Sài Gòn theo quyết định số 48/QĐ-BTK ngày 23/10/2025 về “Đã có thành tích xuất sắc trong công tác Hội và phong trào sinh viên trường Đại học Sài Gòn năm học 2024 - 2025. Giấy khen của Ban Chấp hành Đoàn trường theo quyết định số 14/QĐKT/ĐTN-VP ngày 08/8/2025 về “Đã đóng góp tích cực trong Chiến dịch tình nguyện mùa hè xanh trường Đại học Sài Gòn lần thứ 32 năm 2025. Giấy chứng nhận của Trung tâm hỗ trợ học sinh, sinh viên TP.HCM về việc tham gia Hội thảo chuyên đề Hội nhập quốc tế trong Ngày hội sinh viên với ngoại ngữ năm 2025. "Global Ready: Skills for International Integration", do SAC tổ chức, tại Đại học Y Phạm Ngọc Thạch, 17/5/2025 | N57: ĐẠT | O57: NGUYỄN ĐỨC THẮNG-3123340038-KHOA KỸ THUẬT VÀ CÔNG NGHỆ-BẢNG KHAI THÀNH TÍCH.docx | P57: NGUYỄN ĐỨC THẮNG-3123340038-KHOA KỸ THUẬT VÀ CÔNG NGHỆ-MINH CHỨNG THÀNH TÍCH.docx
A58: 53 | B58: Ngô Thị Kim Tuyền | C58: 3123340048 | D58: KỸ THUẬT VÀ CÔNG NGHỆ | E58: =VLOOKUP(C58,'Trang tính3'!$B$10:$H$377,7,0) -> 97 | F58: =VLOOKUP(C58,'Trang tính2'!$B$1:$D$175,3,0) -> 3.57 | H58: Giấy Chứng nhận của Ban Thường vụ Đoàn khoa theo quyết định số 01/GCN/ĐTN ngày 27/04/2025 về Đạt danh hiệu Thanh niên tiên tiến khoa Kỹ thuật và Công nghệ làm theo lời Bác năm học 2024 - 2025. Giấy chứng nhận số 45-QĐ/NVHSV ngày 15/05/2025 của Nhà văn hóa sinh viên Thành phố Hồ Chí Minh đã tham gia cuộc thi trực tuyến “Khi cờ giải phóng tung bay”- Kỷ niệm 50 năm ngày giải phóng miền Nam, thống nhất Đất nước (30/4/1975-30/4/2025) | I58: - Giấy chứng nhận ngày 7/11/2024 của Câu lạc bộ Sáng tạo trẻ Đoàn – Hội khoa Môi trường vì: “Đã có thành tích tốt trong hoạt động học thuật của Câu lạc bộ Sáng tạo trẻ khoa Môi trường năm 2024.” | J58: Đạt giải 3 Kéo co hội thao Cụm hoạt động số 3 năm học 2024 - 2025. Giấy chứng nhận số 03/QĐCN-BTK ngày 11/11/2025 của Ban thư ký Hội sinh viên trường Đại học Sài Gòn đã tham gia sân chơi thanh niên khỏe trong khuôn khổ Ngày Hội Tân sinh viên năm 2025 chủ đề: “SGU’s Day 2025”. | K58: Tiếp sức mùa thi năm 2025 Giấy chứng nhận tham gia chiến dịch TNV online “Người gieo mầm xanh” năm 2025 của Doanh nghiệp xã hội ước mơ vùng biên. | L58: Chứng chỉ Aptis, nơi cấp British Council, năm đạt được 2024 3 học phần tiếng anh Chứng nhận hoàn thành lớp tập huấn/chuyên đề “Phổ cập AI” do Trung ương Đoàn TNCS Hồ Chí Minh tổ chức. Giấy chứng nhận tham gia chương trình trang bị kỹ năng nghề nghiệp chủ đề;” Khảo sát doanh nghiệp yêu thích 2025- ENTERPRISE OF CHOICE” do trung tâm Hỗ trợ học sinh, sinh viên TP.HCM tổ chức. | N58: ĐẠT | O58: NGÔ THỊ KIM TUYỀN - 3123340048 - KHOA KỸ THUẬT VÀ CÔNG NGHỆ - BẢNG KHAI THÀNH TÍCH.docx | P58: NGÔ THỊ KIM TUYỀN-3123340048-KHOA KỸ THUẬT VÀ CÔNG NGHỆ-MINH CHỨNG THÀNH TÍCH.docx
A59: 54 | B59: Ngô Thị Ngọc Tuyền | C59: 3123340048 | D59: KỸ THUẬT VÀ CÔNG NGHỆ | E59: =VLOOKUP(C59,'Trang tính3'!$B$10:$H$377,7,0) -> 97 | F59: =VLOOKUP(C59,'Trang tính2'!$B$1:$D$175,3,0) -> 3.57 | H59: Giấy Chứng nhận của Ban Thường vụ Đoàn khoa theo quyết định số 01/GCN/ĐTN ngày 27/04/2025 về Đạt danh hiệu Thanh niên tiên tiến khoa Kỹ thuật và Công nghệ làm theo lời Bác năm học 2024 - 2025. Giấy chứng nhận số 45-QĐ/NVHSV ngày 15/05/2025 của Nhà văn hóa sinh viên Thành phố Hồ Chí Minh đã tham gia cuộc thi trực tuyến “Khi cờ giải phóng tung bay”- Kỷ niệm 50 năm ngày giải phóng miền Nam, thống nhất Đất nước (30/4/1975-30/4/2025) | I59: - Giấy chứng nhận ngày 7/11/2024 của Câu lạc bộ Sáng tạo trẻ Đoàn – Hội khoa Môi trường vì: “Đã có thành tích tốt trong hoạt động học thuật của Câu lạc bộ Sáng tạo trẻ khoa Môi trường năm 2024.” | J59: Đạt giải 3 Kéo co hội thao Cụm hoạt động số 3 năm học 2024 - 2025. Giấy chứng nhận số 03/QĐCN-BTK ngày 11/11/2025 của Ban thư ký Hội sinh viên trường Đại học Sài Gòn đã tham gia sân chơi thanh niên khỏe trong khuôn khổ Ngày Hội Tân sinh viên năm 2025 chủ đề: “SGU’s Day 2025”. | K59: Tiếp sức mùa thi năm 2025 Giấy chứng nhận tham gia chiến dịch TNV online “Người gieo mầm xanh” năm 2025 của Doanh nghiệp xã hội ước mơ vùng biên. | L59: Chứng chỉ Aptis, nơi cấp British Council, năm đạt được 2024 3 học phần tiếng anh Chứng nhận hoàn thành lớp tập huấn/chuyên đề “Phổ cập AI” do Trung ương Đoàn TNCS Hồ Chí Minh tổ chức. Giấy chứng nhận tham gia chương trình trang bị kỹ năng nghề nghiệp chủ đề;” Khảo sát doanh nghiệp yêu thích 2025- ENTERPRISE OF CHOICE” do trung tâm Hỗ trợ học sinh, sinh viên TP.HCM tổ chức. | N59: ĐẠT | O59: NGÔ THỊ NGỌC TUYỀN-3123340049-KHOA KỸ THUẬT VÀ CÔNG NGHỆ-BẢNG KHAI THÀNH TÍCH_.docx | P59: NGÔ THỊ NGỌC TUYỀN-3123340049-KHOA KỸ THUẬT VÀ CÔNG NGHỆ-MINH CHỨNG THÀNH TÍCH.docx
A60: 55 | B60: Nguyễn Thị Thảo Quỳnh | C60: 3123340032 | D60: KỸ THUẬT VÀ CÔNG NGHỆ | E60: 98.5 | F60: 3.81 | H60: Kết quả đánh giá chất lượng Đoàn viên năm học 2024 - 2025 đạt Hoàn thành xuất sắc nhiệm vụ. Đạt danh hiệu “Thanh niên tiên tiến làm theo lời Bác” cấp trường Đại học Sài Gòn năm học 2024 – 2025 theo Giấy chứng nhận số 76 – GCN/ĐU ngày 12/05/2025. | I60: Thực hiện đề tài nghiên cứu khoa học: “Đánh giá hiện trạng các điểm phát sinh chất thải rắn sinh hoạt trên địa bàn phường An Phú, thành phố Thủ Đức” đạt 90,6 điểm, loại Xuất sắc. | J60: Đạt danh hiệu “Thanh niên khỏe” trường Đại học Sài Gòn năm 2024 theo Giấy chứng nhận số 02 - QĐGCN/HSV ngày 05/10/2024. Đạt giải Ba môn Cầu lông nữ tại Hội thao năm 2025 chào mừng Đại hội đại biểu Hội sinh viên Việt Nam trường Đại học Sài Gòn lần thứ IX theo Giấy khen số 42/QĐ-BTK ngày 13/07/2025. | K60: Nhận Giấy khen số 693/QĐ-UBND ngày 22/08/2025 của Ủy ban Nhân dân phường Chợ Lớn vì đã có thành tích xuất sắc trong hoạt động hè năm 2025. Tham gia và nhận giấy chứng nhận hoàn thành chiến dịch Mùa hè xanh năm 2024. Tham gia hỗ trợ nấu ăn chống bão Yagi tại phường Xóm Củi tương ứng 03 ngày tình nguyện. Tham gia hoạt động trang trí Tết tại phường Xóm Củi tương ứng 02 ngày tình nguyện. Tham gia hoạt động Thứ Bảy tình nguyện tại phường Xóm Củi và ra quân dọn vệ sinh xây dựng văn minh đô thị tại phường Phú Lâm. | L60: Đạt trình độ ngoại ngữ tiếng Anh Bậc 3 (tương đương B1). Tham gia Chương trình giao lưu và tặng quà cho sinh viên Lào tại Ký túc xá Sinh viên Lào Thành phố Hồ Chí Minh ngày 01/02/2025. Tham gia Ngày hội sinh viên với ngoại ngữ năm 2025 chủ đề Genzith HORIZON và Hội thảo chuyên đề Hội nhập quốc tế do Trung tâm hỗ trợ học sinh, sinh viên tổ chức. Xuất sắc hoàn thành nhiệm vụ tại khu vực “ASEAN Explorer - Sinh viên Đại học Sài Gòn tự tin hội nhập” trong Ngày hội Tân Sinh viên SGU's Day 2024. Đảm nhận chức vụ Ủy viên Ban Chấp hành Liên Chi hội Sinh viên khoa Kỹ thuật và Công nghệ. Hoàn thành lớp tập huấn “Phổ cập AI” do Trung ương Đoàn tổ chức và lớp tập huấn kỹ năng xác định mục tiêu học tập tại Nhà văn hóa sinh viên TP. HCM. Tham gia tập huấn chuyên đề “An toàn giao thông” và buổi chuyên đề “Ứng dụng kỹ năng số cho sinh viên năm 2024”. | M60: Đề xuất tiêu biểu | N60: ĐẠT
A61: 56 | B61: Trần Ngọc Minh Thư | C61: 3123340041 | D61: KỸ THUẬT VÀ CÔNG NGHỆ | E61: 96 | F61: 3.4 | H61: Kết quả đánh giá chất lượng Đoàn viên năm học 2024 - 2025 đạt Hoàn thành xuất sắc nhiệm vụ. Đạt danh hiệu “Thanh niên tiên tiến làm theo lời Bác” cấp trường Đại học Sài Gòn năm học 2024 - 2025. | I61: Thực hiện đề tài nghiên cứu khoa học: “Đánh giá hiện trạng các điểm phát sinh chất thải rắn sinh hoạt trên địa bàn phường Hiệp Phú, thành phố Thủ Đức” đạt 90 điểm, loại Xuất sắc. | J61: Đạt danh hiệu “Thanh niên khỏe” trường Đại học Sài Gòn năm 2024 theo Giấy chứng nhận số 02 - QĐGCN/HSV ngày 05/10/2024. | K61: Nhận Giấy khen số 02/QĐ-BTK ngày 25/01/2025 của Hội Sinh viên trường vì đã có thành tích xuất sắc trong Chiến dịch Xuân Tình nguyện lần thứ 17 năm 2025. Tham gia và nhận giấy chứng nhận hoàn thành Chiến dịch Xuân Tình nguyện trường Đại học Sài Gòn lần thứ 17 năm 2025. Tham gia hỗ trợ nấu ăn chống bão Yagi tại phường Xóm Củi tương ứng 03 ngày tình nguyện. Tham gia trang trí Tết tại phường Xóm Củi tương ứng 02 ngày tình nguyện. Tham gia hoạt động Thứ Bảy tình nguyện tại phường Xóm Củi và ra quân dọn vệ sinh xây dựng văn minh đô thị tại phường Phú Lâm. | L61: Đạt trình độ ngoại ngữ tiếng Anh Bậc 3 (tương đương B1). Tham gia Chương trình giao lưu và tặng quà cho sinh viên Lào tại Ký túc xá Sinh viên Lào Thành phố Hồ Chí Minh ngày 01/02/2025 Xuất sắc hoàn thành nhiệm vụ tại khu vực “ASEAN Explorer - Sinh viên Đại học Sài Gòn tự tin hội nhập” trong Ngày hội Tân Sinh viên SGU's Day 2024. Đảm nhận chức vụ Liên Chi hội Phó Liên Chi hội Sinh viên khoa Kỹ thuật và Công nghệ. Hoàn thành lớp tập huấn “Phổ cập AI” do Trung ương Đoàn tổ chức và buổi chuyên đề “Ứng dụng kỹ năng số cho sinh viên năm 2024”. Tham gia tập huấn chuyên đề “An toàn giao thông và kỹ năng phòng tránh va chạm trong hoạt động tình nguyện”. | M61: Đề xuất tiêu biểu | N61: ĐẠT
A62: 57 | B62: Lê Thái Bảo Ngọc | C62: 3121340047 | D62: KỸ THUẬT VÀ CÔNG NGHỆ | E62: 94 | F62: 3.8 | H62: Kết quả đánh giá chất lượng Đoàn viên năm học 2024 - 2025 đạt Hoàn thành xuất sắc nhiệm vụ. Đạt danh hiệu “Thanh niên tiên tiến làm theo lời Bác” cấp trường Đại học Sài Gòn năm học 2024 - 2025 theo Giấy chứng nhận số 78 – GCN/ĐU ngày 12/05/2025. Là Đảng viên dự bị từ ngày 25/04/2025. | I62: Thực hiện đề tài nghiên cứu khoa học: “Hoạt động giáo dục nhận thức hướng tới xây dựng lối sống xanh dành cho học sinh khối THCS tại Trường THTH Sài Gòn – Quận 5 Thành phố Hồ Chí Minh” đạt 90,67 điểm, loại Xuất sắc. | J62: Đạt danh hiệu “Thanh niên khỏe” trường Đại học Sài Gòn năm 2024 theo Giấy chứng nhận số 02 - QĐGCN/HSV ngày 05/10/2024. | K62: Nhận Giấy khen số 02/QĐ-BTK ngày 25/01/2025 của Hội Sinh viên trường vì đã có thành tích xuất sắc trong Chiến dịch Xuân Tình nguyện lần thứ 17 năm 2025. Tham gia và nhận giấy chứng nhận hoàn thành Chiến dịch Xuân Tình nguyện trường Đại học Sài Gòn lần thứ 17 năm 2025. Tham gia hỗ trợ nấu ăn chống bão Yagi tại phường Xóm Củi tương ứng 02 ngày tình nguyện. Tham gia trang trí Tết tại phường Xóm Củi tương ứng 03 ngày tình nguyện. Tham gia hoạt động Thứ Bảy tình nguyện tại phường Xóm Củi và ra quân dọn vệ sinh xây dựng văn minh đô thị tại phường Phú Lâm | L62: Đạt trình độ ngoại ngữ tiếng Anh Bậc 3 (tương đương B1). Tham gia Chương trình giao lưu và tặng quà cho sinh viên Lào tại Ký túc xá Sinh viên Lào Thành phố Hồ Chí Minh ngày 01/02/2025. Xuất sắc hoàn thành nhiệm vụ tại khu vực “ASEAN Explorer - Sinh viên Đại học Sài Gòn tự tin hội nhập” trong Ngày hội Tân Sinh viên SGU's Day 2024. Đạt danh hiệu Cán bộ Đoàn tiêu biểu năm học 2024 – 2025 theo Giấy khen số 06 – QĐKT/ĐTN-VP. Nhận Giấy khen vì có thành tích xuất sắc trong công tác Hội và phong trào sinh viên khoa Môi trường nhiệm kỳ 2023 – 2025. Hoàn thành tập huấn “Phổ cập AI” do Trung ương Đoàn tổ chức và chuyên đề “Ứng dụng kỹ năng số cho sinh viên năm 2024”. Tham gia tập huấn chuyên đề “An toàn giao thông và kỹ năng phòng tránh va chạm trong hoạt động tình nguyện”. | M62: Đề xuất tiêu biểu | N62: ĐẠT
A63: 58 | B63: Nguyễn Hoàng Phương Linh | C63: 3121340033 | D63: KỸ THUẬT VÀ CÔNG NGHỆ | E63: 92 | F63: 3.8 | H63: Kết quả đánh giá chất lượng Đoàn viên cuối năm đạt Hoàn thành xuất sắc nhiệm vụ. Đạt danh hiệu “Thanh niên tiên tiến Trường Đại học Sài Gòn làm theo lời Bác” năm học 2024 - 2025 theo Giấy chứng nhận số 79-GCN/ĐU ngày 12/05/2025. | I63: Hoàn thành khóa luận tốt nghiệp được hội đồng khoa học cấp Trường nghiệm thu đánh giá đạt 9.0 điểm với đề tài Đánh giá hiện trạng phát sinh, thu gom và phân loại chất thải rắn sinh hoạt trên PGS.TS. Phạm Nguyễn Kim Tuyến địa bàn phường An Lợi Đông, Thành Phố Thủ Đức | J63: Đạt danh hiệu “Thanh niên khỏe” trường Đại học Sài Gòn năm 2024 theo Giấy chứng nhận số 02 - QĐGCN/HSV ngày 05/10/2024. | K63: Đạt thành tích xuất sắc trong Chiến dịch Xuân Tình nguyện trường Đại học Sài Gòn lần thứ 17 năm 2025 theo Giấy khen số 02/QĐ-BTK ngày 25/01/2025. Tham gia và hoàn thành Chiến dịch tình nguyện Mùa hè xanh năm 2024 và Chiến dịch Xuân tình nguyện năm 2025. Tham gia nấu ăn hỗ trợ người dân chịu ảnh hưởng của bão Yagi tương ứng 03 ngày tình nguyện. Tham gia trang trí các khu vực check-in và làm lồng đèn tại chương trình Trang trí Tết tương ứng 02 ngày tình nguyện. Tham gia chương trình Ra quân dọn vệ sinh xây dựng văn minh đô thị (nhặt rác, vệ sinh kênh rạch, xóa biển quảng cáo) tương ứng 01 ngày tình nguyện. Tham gia hoạt động Thứ bảy tình nguyện trong năm học. | L63: Đạt trình độ ngoại ngữ tiếng Anh VSTEP trình độ B1. Tham gia Chương trình giao lưu và tặng quà cho sinh viên Lào tại Ký túc xá Sinh viên Lào Thành phố Hồ Chí Minh ngày 01/02/2025. Xuất sắc hoàn thành nhiệm vụ tại khu vực ASEAN Explorer - Sinh viên Đại học Sài Gòn tự tin hội nhập năm 2024. Được khen thưởng vì đã có đóng góp tích cực trong hoạt động Tháng Thanh niên trường Đại học Sài Gòn năm 2025 theo Giấy khen số 08-QĐKT/ĐTN-VP ngày 18/04/2025. Hoàn thành khóa học Ứng dụng AI cho Thanh niên Việt Nam do Trung ương Đoàn tổ chức. Tham gia Tập huấn chuyên đề An toàn giao thông và buổi chuyên đề Ứng dụng kỹ năng số cho sinh viên năm 2024. Có chứng chỉ tin học quốc tế MOS. | M63: Đề xuất tiêu biểu | N63: ĐẠT
A64: 59 | B64: Tô Nguyễn Thảo Quyên | C64: 3121150147 | D64: GIÁO DỤC TIỂU HỌC | E64: =VLOOKUP(C64,'Trang tính3'!$B$10:$H$377,7,0) -> 95.5 | F64: =VLOOKUP(C64,'Trang tính2'!$B$1:$D$175,3,0) -> 3.73 | H64: - Giấy chứng nhận của Ban thường vụ đoàn Khoa về việc Đã đạt danh hiệu “Điển hình thanh niên tiên tiến khoa Giáo dục Tiểu học làm theo lời Bác” năm học 2024 – 2025. Tham gia chương trình Hành trình về nguồn - Du hành sử kí | I64: - Thực hiện đề tài “Thực trạng và giái pháp khắc phục lỗi viết câu, viết đoạn cho HS lớp 3” - Theo ngữ liệu Chân trời sáng tạo - đạt 9.5 điểm.. - Tham gia Cuộc thi Becoming Global V; - Thành viên CLB “Sinh viên 5 tốt” khoa Giáo dục Tiểu học | J64: - Đã tích cực tham gia Hội thao “Youth Energy -Sức trẻ khoa Giáo dục Tiểu học”và đạt giải Ba môn Kéo co khoa Giáo dục Tiểu học năm học 2024 - 2025” | K64: - Tham gia chiến dịch Mùa hè xanh trường Đại học Sài Gòn lần thứ 32 năm 2024. - Tham gia chiến dịch Xuân tình nguyện trường Đại học Sài Gòn lần thứ 17 năm 2025; - Tham gia hiến máu tình nguyện; | L64: - Đạt chứng chỉ Ngoại ngữ Bậc 4 theo Khung năng lực ngoại ngữ bậc 6 dùng cho Việt Nam – Nơi cấp: Trung tâm ngoại ngữ trường Đại học Sài Gòn – Năm 2025. - Giấy khen của Ban Chấp hành Hội Sinh viên trường theo quyết định số 48/QĐ-BTK ngày 23/10/2025 về việc Đã có thành tích xuất sắc trong công tác Hội và phong trào sinh viên Trường Đại học Sài Gòn năm học 2024 – 2025. - Tham gia Cuộc thi Becoming Global V; + Chương trình Tọa đàm “Sơ cấp cứu – Hành trang học đường”. + Chương trình “Tọa đàm Ứng dụng Stem tromg dạy học”; - Tham gia Cuộc thi Becoming Global V; | N64: ĐẠT | O64: TÔ NGUYỄN THẢO QUYÊN - 3121150147 - GDTH - BẢNG KHAI THÀNH TÍCH CÁ NHÂN (1).docx | P64: TÔ NGUYỄN THẢO QUYÊN - 3121150147 - GDTH - MINH CHỨNG THÀNH TÍCH CÁ NHÂN (1).docx | Q64: 63 SV5T KHOA 15 SV5TTB KHOA
A65: 60 | B65: Võ Hoàng Duy | C65: 3121150036 | D65: GIÁO DỤC TIỂU HỌC | E65: =VLOOKUP(C65,'Trang tính3'!$B$10:$H$377,7,0) -> 97.5 | F65: =VLOOKUP(C65,'Trang tính2'!$B$1:$D$175,3,0) -> 3.54 | J65: Minh chứng không phù hợp | N65: KHÔNG ĐẠT | O65: VÕ HOÀNG DUY - 3121150036 - GIÁO DỤC TIỂU HỌC - BẢNG KHAI THÀNH TÍCH CÁ NHÂN.docx | P65: VÕ HOÀNG DUY - 3121150036 - GIÁO DỤC TIỂU HỌC - MINH CHỨNG THÀNH TÍCH CÁ NHÂN.docx
A66: 61 | B66: Trần Bùi Thảo My | C66: 3121150004 | D66: GIÁO DỤC TIỂU HỌC | E66: =VLOOKUP(C66,'Trang tính3'!$B$10:$H$377,7,0) -> 97.5 | F66: =VLOOKUP(C66,'Trang tính2'!$B$1:$D$175,3,0) -> 3.70 | H66: - Thanh niên tiên tiến Khoa Giáo dục Tiểu học làm theo lời Bác năm học 2024-2025 số 13 – GCN/ĐTN – ngày 13 tháng 4 năm 2025 do Ban Thường vụ Đoàn khoa Giáo dục Tiểu học cấp. - Hành trình Sử Việt Mùa 2 | I66: - Khóa luận tốt nghiệp đạt 9.7 - Đề tài: Thiết kế và tổ chức dự án học tập theo định hướng Giáo dục STEM trong môn Khoa học lớp 4 được đăng trên tạp chí Thiết bị Giáo dục – Số 331 kỳ 1 tháng 6/2025 (ISSN 1859 – 0810) - CLB Sinh viên 5 tốt Khoa Giáo dục Tiểu học | J66: - Đã tích cực tham gia Hội thao “Youth Energy -Sức trẻ khoa Giáo dục Tiểu học”và đạt giải Ba môn Kéo co khoa Giáo dục Tiểu học năm học 2024 - 2025” | K66: - Đồng diễn chào mừng 30/4 - 07 ngày tình nguyện TSMT | L66: Chứng chỉ tiếng anh Vstep Giấy chứng nhận tham gia sân chơi “Sắc màu văn hóa: Explore the world - Live the culture” - Đạt chứng chỉ Ứng dụng Công nghệ Thông tin trong dạy học. | N66: ĐẠT | O66: TRẦN BÙI THẢO MY - BẢNG KHAI THÀNH TÍCH.docx | P66: TRẦN BÙI THẢO MY - MINH CHỨNG THÀNH TÍCH CÁ NHÂN (TBTM) - 2025.docx
A67: 62 | B67: Phan Thị Hồng Ánh | C67: 3122150011 | D67: GIÁO DỤC TIỂU HỌC | E67: =VLOOKUP(C67,'Trang tính3'!$B$10:$H$377,7,0) -> 93.5 | F67: =VLOOKUP(C67,'Trang tính2'!$B$1:$D$175,3,0) -> 3.81 | H67: Kết quả phân tích chất lượng Đoàn viên năm học 2024 - 2025 đạt Hoàn thành xuất sắc nhiệm vụ. Đạt danh hiệu Điển hình Thanh niên tiên tiến Khoa Giáo dục Tiểu học Làm theo lời Bác năm học 2024 – 2025. Đạt danh hiệu Thanh niên tiên tiến Trường Đại học Sài Gòn làm theo lời Bác năm học 2024 – 2025. Đạt danh hiệu Đảng viên trẻ tiêu biểu Chi bộ sinh viên 3 năm 2024. Đạt giấy khen Dân vận khéo năm 2025 trường Đại học Sài Gòn. Tham gia chương trình Hành trình về nguồn – Du hành sử kí do khoa Giáo dục Tiểu học tổ chức. | I67: Thực hiện đề tài nghiên cứu khoa học Ứng dụng công nghệ AI thiết kế video hỗ trợ dạy học đọc hiểu văn bản thơ cho học sinh lớp 2 bộ sách chân trời sáng tạo. Có bài báo khoa học về Ứng dụng công nghệ AI thiết kế video hỗ trợ dạy học đọc hiểu văn bản thơ cho học sinh lớp 2 đăng trên kỷ yếu hội thảo quốc tế đào tạo giáo viên tiểu học trong bối cảnh chuyển đổi số của Bộ Giáo dục và Đào tạo. Đạt giải Nhất Hội thi Nghiệp vụ sư phạm năm học 2024 – 2025 khoa Giáo dục Tiểu học. Đạt giải Năng khiếu sư phạm tốt nhất tại hội thi Nghiệp vụ sư phạm năm học 2024 – 2025 khoa Giáo dục Tiểu học. Đảm nhận vai trò Chủ nhiệm Câu lạc bộ Sinh viên 5 tốt trong năm học 2024 – 2025. | J67: Đạt danh hiệu Thanh niên khỏe trường Đại học Sài Gòn năm 2024. Đạt giải Nhì bộ môn Nhảy bao bố tiếp sức tại Hội thao Đảng viên các Chi bộ sinh viên mở rộng Trường Đại học Sài Gòn năm 2025. | K67: Tham gia chương trình Tiếp sức mùa thi trường Đại học Sài Gòn năm 2025 vào ngày 28/06/2025. Tham gia chương trình Chào mừng kỉ niệm 20 năm ngày truyền thống Hội sinh viên trường với chủ đề Sinh viên hành động vì trường học xanh. Tham gia chương trình Thứ Bảy tình nguyện Em vẽ ước mơ tại mái ấm Từ Hạnh ngày 19/10/2024. Tham gia chương trình Thứ Bảy tình nguyện Lớp học sắc màu ngày 16/11/2024. Tham gia chương trình Ngày Chủ nhật xanh với chủ đề Save water - Stay green giữ gìn nước sạch cho cuộc sống xanh. Tham gia hiến máu tình nguyện trong năm học 2024 – 2025. Tham gia đóng góp quyên góp cho các chương trình Xuân tình nguyện, học bổng Thắp sáng ước mơ và Tiếp sức đến trường. Tham gia hoạt động Thứ Bảy tình nguyện Hoa yêu thương tại mái ấm Từ Hạnh. | L67: Đạt chứng chỉ tiếng Anh Aptis ESOL trình độ bậc B2. Thành viên Ban Tổ chức chương trình VSTEP READING SKILLS - JOURNEY TO MASTERY. Thành viên Ban Tổ chức cuộc thi Tiếng Anh Becoming Global lần thứ 5. Có chứng chỉ Ứng dụng Công nghệ thông tin trong dạy học và chứng chỉ tin học cơ bản do Trung tâm tin học trường Đại học Sài Gòn cấp Đạt danh hiệu Cán bộ Đoàn tiêu biểu và có thành tích xuất sắc trong công tác Đoàn và phong trào sinh viên Trường Đại học Sài Gòn năm học 2024 – 2025. Tham gia tích cực sân chơi Sắc màu văn hóa EXPLORE THE WORLD – LIVE THE CULTURE. | N67: ĐẠT | O67: MẪU 01 - PHAN THỊ HỒNG ÁNH - 3122150011-GDTH-BẢNG KHAI THÀNH TÍCH.docx | P67: MẪU 3- PHAN THỊ HỒNG ÁNH- 3122150011- GDTH- MINH CHỨNG THÀNH TÍCH.docx
A68: 63 | B68: Vương Huỳnh Bảo Hân | C68: 3122150033 | D68: GIÁO DỤC TIỂU HỌC | E68: =VLOOKUP(C68,'Trang tính3'!$B$10:$H$377,7,0) -> 100 | F68: =VLOOKUP(C68,'Trang tính2'!$B$1:$D$175,3,0) -> 3.53 | H68: Kết quả phân tích chất lượng Đoàn viên năm học 2024 - 2025 đạt Hoàn thành xuất sắc nhiệm vụ. Đạt danh hiệu Điển hình Thanh niên tiên tiến Khoa Giáo dục Tiểu học Làm theo lời Bác năm học 2024 – 2025. Đạt danh hiệu Thanh niên tiên tiến Trường Đại học Sài Gòn làm theo lời Bác năm học 2024 – 2025. Đạt danh hiệu Đảng viên trẻ tiêu biểu Chi bộ sinh viên 3 năm 2024. Đạt giấy khen Dân vận khéo năm 2025 trường Đại học Sài Gòn. Tham gia chương trình Hành trình về nguồn – Du hành sử kí do khoa Giáo dục Tiểu học tổ chức. | I68: Thực hiện đề tài nghiên cứu khoa học Ứng dụng công nghệ AI thiết kế video hỗ trợ dạy học đọc hiểu văn bản thơ cho học sinh lớp 2 bộ sách chân trời sáng tạo. Có bài báo khoa học về Ứng dụng công nghệ AI thiết kế video hỗ trợ dạy học đọc hiểu văn bản thơ cho học sinh lớp 2 đăng trên kỷ yếu hội thảo quốc tế đào tạo giáo viên tiểu học trong bối cảnh chuyển đổi số của Bộ Giáo dục và Đào tạo Đạt giải Nhất Hội thi Nghiệp vụ sư phạm năm học 2024 – 2025 khoa Giáo dục Tiểu học. Đạt giải Năng khiếu sư phạm tốt nhất tại hội thi Nghiệp vụ sư phạm năm học 2024 – 2025 khoa Giáo dục Tiểu học. Đảm nhận vai trò Chủ nhiệm Câu lạc bộ Sinh viên 5 tốt trong năm học 2024 – 2025. | J68: Đạt danh hiệu Thanh niên khỏe trường Đại học Sài Gòn năm 2024. Đạt giải Nhì bộ môn Nhảy bao bố tiếp sức tại Hội thao Đảng viên các Chi bộ sinh viên mở rộng Trường Đại học Sài Gòn năm 2025. | K68: Tham gia chương trình Tiếp sức mùa thi trường Đại học Sài Gòn năm 2025 vào ngày 28/06/2025. Tham gia chương trình Chào mừng kỉ niệm 20 năm ngày truyền thống Hội sinh viên trường với chủ đề Sinh viên hành động vì trường học xanh. Tham gia chương trình Thứ Bảy tình nguyện Em vẽ ước mơ tại mái ấm Từ Hạnh ngày 19/10/2024. Tham gia chương trình Thứ Bảy tình nguyện Lớp học sắc màu ngày 16/11/2024. Tham gia chương trình Ngày Chủ nhật xanh với chủ đề Save water - Stay green giữ gìn nước sạch cho cuộc sống xanh. Tham gia hiến máu tình nguyện trong năm học 2024 – 2025. Tham gia đóng góp quyên góp cho các chương trình Xuân tình nguyện, học bổng Thắp sáng ước mơ và Tiếp sức đến trường. Tham gia hoạt động Thứ Bảy tình nguyện Hoa yêu thương tại mái ấm Từ Hạnh. | L68: Đạt chứng chỉ tiếng Anh Aptis ESOL trình độ bậc B2. Tham gia Ban Tổ chức chương trình VSTEP READING SKILLS - JOURNEY TO MASTERY. Tham gia Ban Tổ chức cuộc thi Tiếng Anh Becoming Global lần thứ 5. Có chứng chỉ Ứng dụng Công nghệ thông tin trong dạy học và chứng chỉ tin học cơ bản do Trung tâm tin học trường Đại học Sài Gòn cấp. Đạt danh hiệu Cán bộ Đoàn tiêu biểu và có thành tích xuất sắc trong công tác Đoàn và phong trào sinh viên Trường Đại học Sài Gòn năm học 2024 – 2025. Tham gia tích cực sân chơi Sắc màu văn hóa EXPLORE THE WORLD – LIVE THE CULTURE. | N68: ĐẠT | O68: _VƯƠNG HUỲNH BẢO HÂN - 3122150033 - KHOA GIÁO DỤC TIỂU HỌC - BẢNG KHAI THÀNH TÍCH CÁ NHÂN - 2024-2025.docx | P68: VƯƠNG HUỲNH BẢO HÂN - 3122150033 - KHOA GIÁO DỤC TIỂU HỌC - MINH CHỨNG THÀNH TÍCH CÁ NHÂN - 2025.docx
A69: 64 | B69: Nguyễn Phan Thảo Huyên | C69: 3122150042 | D69: GIÁO DỤC TIỂU HỌC | E69: =VLOOKUP(C69,'Trang tính3'!$B$10:$H$377,7,0) -> 90.5 | F69: =VLOOKUP(C69,'Trang tính2'!$B$1:$D$175,3,0) -> 3.11 | H69: Kết quả phân tích chất lượng Đoàn viên năm học 2024 - 2025 đạt Hoàn thành xuất sắc nhiệm vụ. Tham gia lớp bồi dưỡng nhận thức về Đảng do Đảng bộ Thành phố Hồ Chí Minh tổ chức và được cấp giấy chứng nhận ngày 30/09/2025. Đạt danh hiệu Sinh viên 5 tốt khoa Giáo dục Tiểu học năm học 2024 - 2025. Đạt danh hiệu Đoàn viên ưu tú cấp trường năm học 2024 - 2025. Tham gia buổi Sinh hoạt chính trị với chủ đề Hành trình Người Cộng sản Trẻ ngày 02/03/2025. Tham gia Minigame Uống nước nhớ nguồn chào mừng ngày Giỗ Tổ Hùng Vương. Tham gia chuỗi hoạt động Sinh viên hiểu luật sống văn minh và Thử thách Check-in tuân thủ pháp luật. Tham gia Minigame Bầu trời Thành phố Bác và Sân chơi SGU-ers Harmony Giao thoa bản sắc dân tộc Việt Nam. | I69: Là thành viên nhóm nghiên cứu đề tài cấp trường Ứng dụng phần mềm Wizer.me hỗ trợ dạy học viết bài văn lớp 5 bộ sách Chân trời sáng tạo đạt 92 điểm xếp loại tốt. Có bài báo nghiên cứu khoa học đăng trên kỷ yếu tóm tắt Hội thảo khoa học quốc tế Đào tạo giáo viên trong bối cảnh chuyển đổi số tại trường Đại học Vinh ngày 25/10/2025. Đạt giải Nhất Hội thi nghiệp vụ sư phạm khoa Giáo dục Tiểu học năm học 2024 - 2025. Đạt giải Năng khiếu sư phạm tốt nhất khoa Giáo dục Tiểu học năm học 2024 - 2025. Đạt giải Khuyến khích Sân chơi Tranh tài đỉnh sách năm học 2024 - 2025. Tham gia Câu lạc bộ Học thuật Tôi - Người giáo viên Tiểu học và Câu lạc bộ Sách Ươm mầm tri thức khoa Giáo dục Tiểu học | J69: Đạt danh hiệu Thanh niên khỏe trường Đại học Sài Gòn năm học 2024 - 2025. Đạt giải Nhất hội thi kéo co tại Hội thao Youth Energy - Sức trẻ khoa Giáo dục Tiểu học ngày 15/03/2025. Tham gia thi đấu môn kéo co tại Hội thao truyền thống sinh viên trường Đại học Sài Gòn năm học 2024 - 2025. | K69: Tham gia hiến máu tình nguyện vào các ngày 16/05/2024, 28/12/2024 và 10/08/2025. Tham gia chuỗi hoạt động Xuân tình nguyện 2025 chủ đề Xuân đoàn kết - Tết an lành từ ngày 23/12/2024 đến 15/01/2025. Tham gia chương trình Thứ bảy tình nguyện Hoa yêu thương ngày 01/03/2025. Tham gia chương trình Save water - Stay green Giữ gìn nước sạch - Cho cuộc sống xanh ngày 23/03/2025. Tham gia Workshop Sắc màu hồi sinh ngày 26/10/2025 và Workshop Chạm ly – Chạm yêu thương. Tham gia chương trình Đêm hội Trăng rằm năm 2024 và quyên góp chương trình Vui hội trung thu năm 2025. Tham gia quyên góp ủng hộ đồng bào các tỉnh bị thiệt hại do lũ lụt và các học bổng Thắp sáng ước mơ, Tiếp sức đến trường. Hỗ trợ công tác tiếp nhận vật phẩm ủng hộ bà con vùng bão lũ ngày 24/11/2025. | L69: Đạt chứng chỉ tiếng Anh Vstep trình độ bậc B1 do Trung tâm ngoại ngữ tin học trường Đại học Sài Gòn cấp năm 2025. Đạt chứng chỉ Ứng dụng công nghệ thông tin trong dạy học năm 2024 và chứng chỉ Ứng dụng công nghệ thông tin cơ bản năm 2025. Tham gia cuộc thi Tiếng Anh Becoming Global lần thứ 5 chủ đề Rise of the Wise ngày 30/03/2025. Tham dự Hội thảo khoa học quốc tế Đào tạo giáo viên tiểu học trong bối cảnh chuyển đổi số. Tham gia hoạt động tìm hiểu văn hóa Ấn Độ ngày 22/03/2025. Tham gia các tọa đàm Kỹ năng giao tiếp trước công chúng, Sơ cứu học đường và Chăm sóc sức khỏe tâm thần. Tham gia Ngày hội tân sinh viên SGU’s Day năm 2025 và cổ vũ các giải bóng đá Thanh niên Sinh viên Việt Nam, Sinh viên 7 người. | N69: ĐẠT | O69: Nguyễn Phan Thảo Huyên - 3122150042 - XÉT SV5T CẤP TRƯỜNG.docx | P69: Nguyễn Phan Thảo Huyên - 3122150042 - MINH CHỨNG XÉT SV5T CẤP TRƯỜNG.docx
A70: 65 | B70: Bùi Thanh Ngân | C70: 3122150070 | D70: GIÁO DỤC TIỂU HỌC | E70: =VLOOKUP(C70,'Trang tính3'!$B$10:$H$377,7,0) -> 98 | F70: =VLOOKUP(C70,'Trang tính2'!$B$1:$D$175,3,0) -> 3.77 | H70: Kết quả phân tích chất lượng Đoàn viên năm học 2024 - 2025 đạt Hoàn thành xuất sắc nhiệm vụ. Đạt danh hiệu Thanh niên tiên tiến khoa Giáo dục Tiểu học làm theo lời Bác năm học 2024 – 2025 vào ngày 13/04/2025. Đạt danh hiệu Sao tháng Thanh niên SGU nghĩ đúng – sống đẹp trường Đại học Sài Gòn năm 2025 theo quyết định số 06-QĐCN/ĐTN-VP ngày 17/04/2025. Tham gia Buổi sinh hoạt chính trị Hành trình Người Cộng sản trẻ vào ngày 02/03/2025. | I70: Đạt giải Nhất hội thi Nghiệp vụ sư phạm khoa Giáo dục Tiểu học năm học 2024 - 2025 cùng đội thi Tinh Tú. Đạt giải Năng khiếu sư phạm tốt nhất tại hội thi Nghiệp vụ sư phạm khoa Giáo dục Tiểu học năm học 2024 - 2025. Là thành viên tham gia hoạt động tích cực tại Câu lạc bộ Sách Ươm mầm tri thức trong học kỳ 2 năm học 2024 - 2025. | J70: Đạt danh hiệu Thanh niên khỏe trường Đại học Sài Gòn năm 2025 sau khi tham gia tích cực Ngày hội Tân sinh viên SGU’s Day. | K70: Tham gia 05 ngày tình nguyện trong chương trình Tiếp sức mùa thi năm 2025 vào ngày 01/07/2025. Tham gia chương trình Ngày Chủ nhật xanh với chủ đề Save water – Stay Green Giữ gìn nước sạch – Cho cuộc sống xanh vào ngày 23/03/2025. Tham gia Ngày hội hướng nghiệp và việc làm lần 3 năm 2024 vào ngày 28/09/2024. | L70: Đạt chứng chỉ Ngoại ngữ Bậc 4 theo Khung năng lực ngoại ngữ 6 bậc dùng cho Việt Nam do Trung tâm ngoại ngữ trường Đại học Sài Gòn cấp năm 2025. Điểm trung bình các học phần Ngoại ngữ đạt kết quả cao với Tiếng Anh 1 đạt 8.8, Tiếng Anh 2 đạt 9.2 và Tiếng Anh 3 đạt 9.0. Có Giấy chứng nhận bồi dưỡng nhận thức về Đảng do Đảng ủy Ủy ban nhân dân Thành phố Hồ Chí Minh cấp. Có chứng chỉ Ứng dụng Công nghệ thông tin trong dạy học năm 2024 do trường Đại học Sài Gòn cấp và chứng chỉ Ứng dụng Công nghệ thông tin cơ bản năm 2020. Tham gia tọa đàm Sơ cứu cấp cứu – Hành trang học đường ngày 30/11/2024 và tọa đàm Ứng dụng Stem trong dạy học ngày 01/03/2025. Hoàn thành khóa học Ứng dụng Trí tuệ nhân tạo cho Thanh niên Việt Nam trong chương trình Phổ cập AI. Được công nhận là Đoàn viên ưu tú trường Đại học Sài Gòn đợt 1 năm học 2024 - 2025 vào ngày 31/12/2024. Tham gia tích cực cuộc thi Tiếng Anh Becoming Global lần thứ 5 với chủ đề Rise of the wise khoa Giáo dục Tiểu học năm học 2024 – 2025. Đạt danh hiệu Sinh viên 5 tốt khoa Giáo dục Tiểu học liên tiếp hai năm học 2023 - 2024 và 2024 - 2025. | N70: ĐẠT | O70: BÙI THANH NGÂN - 3122150070 - GDTH - BẢNG KHAI THÀNH TÍCH .docx | P70: BÙI THANH NGÂN - 3122150070 - GDTH - MINH CHỨNG THÀNH TÍCH .docx
A71: 66 | B71: Nguyễn Trọng Tín | C71: 3122150143 | D71: GIÁO DỤC TIỂU HỌC | E71: =VLOOKUP(C71,'Trang tính3'!$B$10:$H$377,7,0) -> 99.5 | F71: =VLOOKUP(C71,'Trang tính2'!$B$1:$D$175,3,0) -> 3.88 | H71: Kết quả phân tích chất lượng Đoàn viên năm học 2024 - 2025 đạt Hoàn thành xuất sắc nhiệm vụ. Đạt giải Khuyến khích Hội thi Olympic về các môn học Mác Lênin và Tư tưởng Hồ Chí Minh trường Đại học Sài Gòn năm 2025. Tham gia tổ bình chọn Hội thi Olympic các môn học Mác Lênin. Đạt danh hiệu Thanh niên tiên tiến làm theo lời Bác cấp khoa được tuyên dương ngày 13/04/2025. Đạt giấy chứng nhận bồi dưỡng nhận thức về Đảng loại Giỏi. | I71: Đạt giải Quán quân cuộc thi Becoming Global lần thứ 5 cấp khoa diễn ra từ ngày 16/03 đến 30/03/2025. Đạt giải Nhì Sân chơi Sắc màu văn hóa cấp khoa tại trường Đại học Sài Gòn ngày 10/05/2025. | J71: Đạt danh hiệu Thanh niên khỏe tại ngày hội SGU’s day năm 2025. | K71: Tham gia chương trình Tiếp sức mùa thi năm 2025 trong thời gian 4 ngày. Tham gia hiến máu nhân đạo 3 lần vào các ngày 01/11/2024, 21/03/2025 và 21/10/2025. Tham gia quyên góp học bổng Thắp sáng ước mơ và học bổng Tiếp sức đến trường. Tham gia quyên góp cho câu lạc bộ Công tác xã hội 2 lần vào ngày 19/12/2024 và 01/04/2025. | L71: Có chứng chỉ tiếng Anh Aptis trình độ B2. Điểm trung bình các học phần Ngoại ngữ đạt tuyệt đối 10.0. Tham gia tích cực Sân chơi Sắc màu văn hóa cấp khoa ngày 10/05/2025. Tham gia Ngày hội việc làm lần thứ 4 năm 2025 tại trường Đại học Sài Gòn. Có giấy chứng nhận Ứng dụng Công nghệ thông tin trong dạy học. Tham gia tọa đàm Ứng dụng Stem trong dạy học. Đạt danh hiệu Đoàn viên ưu tú trường Đại học Sài Gòn năm học 2024 – 2025. Đạt danh hiệu Sinh viên 5 tốt tiêu biểu khoa Giáo dục Tiểu học năm học 2024 - 2025. | N71: ĐẠT | O71: NGUYỄN TRỌNG TÍN-3122150143-GDTH-BẢNG KHAI THÀNH TÍCH.docx | P71: NGUYỄN TRỌNG TÍN-3122150143-GDTH-MINH CHỨNG THÀNH TÍCH.docx
A72: 67 | B72: Lê Nguyễn Đoan Trang | C72: 3122150146 | D72: GIÁO DỤC TIỂU HỌC | E72: =VLOOKUP(C72,'Trang tính3'!$B$10:$H$377,7,0) -> 100 | F72: =VLOOKUP(C72,'Trang tính2'!$B$1:$D$175,3,0) -> 3.68 | H72: Kết quả phân tích chất lượng Đoàn viên năm học 2024 - 2025 đạt Hoàn thành xuất sắc nhiệm vụ. Đạt danh hiệu Thanh niên tiên tiến khoa Giáo dục Tiểu học làm theo lời Bác năm học 2024 – 2025 cấp ngày 13/04/2025. Đạt danh hiệu Sao tháng thanh niên SGU - Nghĩ đúng sống đẹp năm 2025 cấp ngày 17/04/2025. | I72: Có bài viết khoa học mang tên Ứng dụng công nghệ AI trong thiết kế video hỗ trợ dạy học đọc hiểu văn bản thơ cho học sinh lớp 2 trình bày tại Hội thảo khoa học quốc tế năm 2025. Tham gia cuộc thi Tiếng Anh Becoming Global lần thứ 5 cấp khoa từ ngày 16/03 đến ngày 30/03/2025. Tham gia Sân chơi Sắc màu văn hóa cấp khoa vào ngày 10/05/2025. Là thành viên Ban chủ nhiệm Câu lạc bộ Sinh viên 5 tốt khoa Giáo dục Tiểu học trong cả hai học kỳ năm học 2024 – 2025. | J72: Đạt danh hiệu Thanh niên khỏe tại ngày hội SGU’s day năm 2025. Đạt giải Nhất môn kéo co tại Hội thao Youth Energy - Sức thể khoa Giáo dục Tiểu học năm học 2024- 2025 | K72: Tham gia Chiến dịch Tiếp sức mùa thi năm 2025 với tổng cộng 4 ngày tình nguyện. Tham gia Lễ chào cờ Tôi yêu Tổ quốc tôi và Chương trình đồng diễn Hòa bình đẹp lắm tương ứng 2 ngày tình nguyện. Tham gia chương trình Thứ bảy tình nguyện Hoa yêu thương tương ứng 1 ngày tình nguyện. | L72: Có chứng chỉ tiếng Anh Aptis trình độ bậc B1. Điểm trung bình các học phần Ngoại ngữ đạt tuyệt đối 4.0 trên 4.0. Tham gia hội thảo khoa học quốc tế Đào tạo giáo viên tiểu học trong bối cảnh chuyển đổi số năm 2025 do Trường Đại học Vinh tổ chức. Hoàn thành chuyên đề bồi dưỡng Luyện chữ đẹp tại trường Đại học Sư phạm Thành phố Hồ Chí Minh. Hoàn thành khóa Bồi dưỡng kỹ năng luyện chữ đẹp do Trung tâm Nghiên cứu và Phát triển Chữ viết phối hợp với Trung tâm Luyện Chữ đẹp Như Hảo tổ chức. Có chứng chỉ Ứng dụng công nghệ thông tin cơ bản và chứng nhận Ứng dụng công nghệ thông tin trong dạy học. Đạt danh hiệu Đoàn viên tiêu biểu và Đoàn viên ưu tú trường Đại học Sài Gòn năm học 2024 – 2025. Tham gia cuộc thi Tiếng Anh Becoming Global lần thứ 5 chủ đề Rise of the Wise cấp khoa ngày 30/03/2025. | N72: ĐẠT | O72: LÊ NGUYỄN ĐOAN TRANG - MẪU 01 - BẢNG KHAI THÀNH TÍCH CÁ NHÂN - 2024-2025.docx | P72: LÊ NGUYỄN ĐOAN TRANG - MẪU 03 - MINH CHỨNG THÀNH TÍCH CÁ NHÂN - 2025 (2).docx
A73: 68 | B73: Nguyễn Thị Huyền Trân | C73: 3122150155 | D73: GIÁO DỤC TIỂU HỌC | E73: =VLOOKUP(C73,'Trang tính3'!$B$10:$H$377,7,0) -> 99.5 | F73: =VLOOKUP(C73,'Trang tính2'!$B$1:$D$175,3,0) -> 3.88 | N73: KHÔNG ĐẠT
A74: 69 | B74: Nguyễn Thị Tuyết Trinh | C74: 3122150158 | D74: GIÁO DỤC TIỂU HỌC | E74: =VLOOKUP(C74,'Trang tính3'!$B$10:$H$377,7,0) -> 100 | F74: =VLOOKUP(C74,'Trang tính2'!$B$1:$D$175,3,0) -> 3.63 | H74: Kết quả phân tích chất lượng Đoàn viên năm học 2024 - 2025 đạt Hoàn thành xuất sắc nhiệm vụ. Đạt danh hiệu Thanh niên tiên tiến làm theo lời Bác cấp khoa năm học 2024 – 2025. Tham gia buổi Sinh hoạt chính trị Hành trình Người Cộng sản trẻ. Tham gia lớp bồi dưỡng nhận thức về Đảng. | I74: Là thành viên Câu lạc bộ học thuật Tôi – Người giáo viên Tiểu học. | J74: Đạt giải Nhất hội thao Youth Energy – Sức trẻ khoa giáo dục Tiểu học năm học 2024 - 2025. | K74: Tham gia chương trình Tiếp sức mùa thi năm 2025 với tổng cộng 4 ngày tình nguyện. Tham gia chuỗi chương trình Xuân tình nguyện 2025 bao gồm cả 3 đợt hoạt động. Tham gia chương trình Thứ bảy tình nguyện Em vẽ ước mơ ngày 19/10/2024. Tham gia chương trình Thứ bảy tình nguyện Điều ước của em ngày 18/10/2025. Thực hiện hoạt động hiến tặng tóc vì mục đích nhân đạo ngày 03/03/2025. Tham gia chương trình Ngày Chủ nhật xanh với chủ đề Save water – Stay green – Giữ gìn nước sạch – Cho cuộc sống xanh ngày 23/03/2025. Tham gia chương trình Ngày Chủ nhật xanh Workshop Sắc màu hồi sinh ngày 26/10/2025. Tham gia quyên góp ủng hộ đồng bào bị ảnh hưởng bởi bão số 3 và lũ lụt miền Trung. Tham gia quyên góp các quỹ học bổng Thắp sáng ước mơ và Tiếp sức đến trường. Tham gia quyên góp cho chương trình Đêm hội trăng rằm và Góc sẻ chia của Đội Công tác Xã hội trường Đại học Sài Gòn. Tham gia hỗ trợ trực tiếp công tác tiếp nhận vật phẩm ủng hộ bà con vùng bão lũ ngày 24/11/2025. | L74: Đạt chứng chỉ Ngoại ngữ tiếng Anh VSTEP bậc 3 do trường Đại học Sài Gòn cấp năm 2025. Điểm trung bình các học phần Ngoại ngữ đạt tuyệt đối 10 trên 10. Đạt giải Khuyến khích sân chơi Sắc màu văn hóa Explore The World – Live The Culture năm 2025. Tham gia cuộc thi Tiếng Anh Becoming Global lần thứ 5 chủ đề Rise Of The Wise ngày 16/03/2025. Tham gia chương trình Tiếng Anh đầu vào Explore And Unlock ngày 18/10/2024. Có chứng chỉ Ứng dụng Công nghệ thông tin cơ bản và chứng chỉ Ứng dụng Công nghệ thông tin trong dạy học. Hoàn thành chương trình bồi dưỡng kỹ năng luyện chữ đẹp và tiền tiểu học chuyên sâu với xếp loại xuất sắc. Tham gia tọa đàm Ứng dụng STEM trong dạy học và tọa đàm Sơ cứu cấp cứu – Hành trang học đường. Đạt danh hiệu Đoàn viên ưu tú năm học 2024 – 2025. Đạt danh hiệu Sinh viên 5 tốt liên tiếp hai năm học 2023 – 2024 và 2024 – 2025. | N74: ĐẠT | O74: NGUYỄN THỊ TUYẾT TRINH - 3122150158 - GIÁO DỤC TIỂU HỌC - BẢNG KHAI THÀNH TÍCH.docx | P74: NGUYỄN THỊ TUYẾT TRINH - 3122150158 - MINH CHỨNG THÀNH TÍCH CÁ NHÂN -.docx
A75: 70 | B75: Nguyễn Ngọc Kim Trúc | C75: 3122150161 | D75: GIÁO DỤC TIỂU HỌC | E75: =VLOOKUP(C75,'Trang tính3'!$B$10:$H$377,7,0) -> 86.5 | F75: =VLOOKUP(C75,'Trang tính2'!$B$1:$D$175,3,0) -> 3.54 | N75: KHÔNG ĐẠT
A76: 71 | B76: Nguyễn Ngọc Phương Anh | C76: 3122150005 | D76: GIÁO DỤC TIỂU HỌC | E76: =VLOOKUP(C76,'Trang tính3'!$B$10:$H$377,7,0) -> 96.5 | F76: =VLOOKUP(C76,'Trang tính2'!$B$1:$D$175,3,0) -> 3.45 | H76: Kết quả phân tích chất lượng Đoàn viên năm học 2024 - 2025 đạt Hoàn thành xuất sắc nhiệm vụ. Đạt giải Khuyến khích Hội thi Olympic về các môn học Mác Lênin và Tư tưởng Hồ Chí Minh trường Đại học Sài Gòn năm 2025. Tham gia tổ bình chọn Hội thi Olympic các môn học Mác Lênin. Đạt danh hiệu Thanh niên tiên tiến làm theo lời Bác cấp khoa được tuyên dương ngày 13/04/2025. | I76: Đạt giải Ba hội thi Nghiệp vụ sư phạm cấp khoa. Đạt giải Xử lí tình huống sư phạm hay nhất tại hội thi Nghiệp vụ sư phạm cấp khoa. Đạt giải Ba sân chơi Tranh Tài Đỉnh Sách trường Đại học Sài Gòn. Là thành viên hoạt động tại Câu lạc bộ sinh viên 5 tốt cấp khoa. | J76: Đạt giải Ba môn bóng đá nữ tại Hội thao truyền thống trường Đại học Sài Gòn ngày 23/03/2025. | K76: Đạt danh hiệu Chiến sĩ giỏi trong chiến dịch Mùa Hè Xanh năm 2025. Được Đoàn trường tặng giấy khen về đóng góp tích cực trong chiến dịch tình nguyện Mùa hè xanh. Hoàn thành chiến dịch tình nguyện Mùa Hè Xanh trường Đại học Sài Gòn diễn ra từ ngày 13/06 đến 03/08/2025. Tham gia bán bánh tráng gây quỹ trong thời gian 2 tuần. Tham gia chương trình Em vẽ ước mơ tương ứng 1 ngày tình nguyện. Tham gia chương trình Ngày Chủ nhật xanh với chủ đề Giữ gìn nước sạch - Cho cuộc sống xanh tương ứng 1 ngày tình nguyện. Thực hiện hoạt động hiến tóc nhân đạo tương ứng 1 ngày tình nguyện. | L76: Đạt chứng chỉ tiếng Anh VSTEP trình độ bậc 4 tương đương B2 do trường Đại học Sài Gòn cấp năm 2024. Điểm tổng kết các học phần Tiếng Anh 1, Tiếng Anh 2 và Tiếng Anh 3 đạt tuyệt đối 10 trên 10. Đạt ngôi vị Quán quân cuộc thi Tiếng Anh Becoming Global lần thứ 5 cấp khoa diễn ra từ ngày 16/03 đến 10/03/2025. Đạt giải Ba sân chơi Sắc màu văn hóa cấp khoa tại trường Đại học Sài Gòn ngày 10/05/2025. Tham gia Ngày hội việc làm lần thứ 4 năm 2025 tại trường Đại học Sài Gòn. Đạt giải Nhì hội thi Tiếng hát Sinh viên trường Đại học Sài Gòn ngày 09/05/2025. Hoàn thành tọa đàm Sơ cứu học đường hành trang vững bước và tọa đàm Ứng dụng trí tuệ nhân tạo trong dạy học. Có giấy chứng nhận Ứng dụng Công nghệ thông tin trong dạy học. Tham gia cuộc thi Rung chuông vàng với chủ đề Vượt rào cản, sáng tương lai. Đạt danh hiệu Đoàn viên tiêu biểu và Đoàn viên ưu tú trường Đại học Sài Gòn năm học 2024 – 2025. | N76: ĐẠT | O76: NGUYỄN NGỌC PHƯƠNG ANH - 3122150005 - GIÁO DỤC TIỂU HỌC - BẢNG KHAI THÀNH TÍCH.docx | P76: NGUYỄN NGỌC PHƯƠNG ANH - 3122150005 - GIÁO DỤC TIỂU HỌC - MINH CHỨNG THÀNH TÍCH.docx
A77: 72 | B77: Nguyễn Thị Thùy Linh | C77: 3122150055 | D77: GIÁO DỤC TIỂU HỌC | E77: =VLOOKUP(C77,'Trang tính3'!$B$10:$H$377,7,0) -> 89.5 | F77: =VLOOKUP(C77,'Trang tính2'!$B$1:$D$175,3,0) -> 3.41 | H77: Kết quả phân tích chất lượng Đoàn viên năm học 2024 - 2025 đạt Hoàn thành xuất sắc nhiệm vụ. Đạt danh hiệu Sinh viên 5 tốt khoa Giáo dục Tiểu học năm học 2024 - 2025 được tuyên dương ngày 27/11/2025. Tham gia và đạt giấy chứng nhận buổi Sinh hoạt chính trị với chủ đề Hành trình Người Cộng sản trẻ. Tham gia và đạt giấy chứng nhận cuộc thi From Roots We Rise, To Future We Shine | I77: Đạt giải Khuyến khích cuộc thi Sân chơi tranh tài đỉnh sách năm học 2024 - 2025. Là thành viên hoạt động tích cực tại Câu lạc bộ Sinh viên 5 tốt khoa Giáo dục Tiểu học. Là thành viên hoạt động tích cực tại Câu lạc bộ Học thuật Tôi - Người giáo viên Tiểu học khoa Giáo dục Tiểu học. Là thành viên hoạt động tích cực tại Câu lạc bộ Sách Ươm mầm tri thức khoa Giáo dục Tiểu học. | J77: Đạt danh hiệu Thanh niên khỏe trường Đại học Sài Gòn năm học 2024 - 2025. Đạt giải Khuyến khích nội dung kéo co tại Hội thao Youth Energy - Sức trẻ khoa Giáo dục Tiểu học ngày 15/03/2025. | K77: Tham gia và đạt giấy chứng nhận Chiến dịch Tiếp sức mùa thi năm 2025 từ ngày 21/06/2025 đến 22/07/2025 với 4 ngày tình nguyện. Tham gia Chiến dịch Xuân tình nguyện trường Đại học Sài Gòn lần thứ 17 năm 2025 chủ đề Đoàn kết - Tết an lành tương ứng 1 ngày tình nguyện. Tham gia chương trình Thứ bảy tình nguyện Điều ước của em ngày 18/10/2025 tương ứng 1 ngày tình nguyện. Tham gia chương trình Thứ bảy tình nguyện Em vẽ ước mơ ngày 19/10/2024 tương ứng 1 ngày tình nguyện. Tham gia chương trình Thứ bảy tình nguyện Hoa yêu thương ngày 01/03/2025 tương ứng 1 ngày tình nguyện. Tham gia chương trình Ngày Chủ nhật xanh với chủ đề Giữ gìn nước sạch - Cho cuộc sống xanh ngày 23/03/2025 tương ứng 1 ngày tình nguyện. Tham gia hiến máu tình nguyện ngày 16/05/2025 và nhận giấy chứng nhận. | L77: Đạt chứng chỉ tiếng Anh Vstep trình độ bậc 4 tương đương B2 do Trung tâm ngoại ngữ tin học trường Đại học Sài Gòn cấp năm 2025. Đạt giải Nhì tại Hội thi Tiếng hát Sinh viên trường Đại học Sài Gòn ngày 09/05/2025. Tham gia và đạt giấy chứng nhận cuộc thi Tiếng Anh Becoming Global lần thứ 5 chủ đề Rise Of The Wise ngày 30/03/2025 Tham gia sân chơi Sắc màu văn hóa Explore The World - Live The Culture khoa Giáo dục Tiểu học ngày 10/05/2025. Có giấy chứng nhận Ứng dụng công nghệ thông tin trong dạy học năm 2024 và chứng chỉ Ứng dụng công nghệ thông tin cơ bản năm 2025. Tham gia các tọa đàm Sơ cứu học đường hành trang vững bước và tọa đàm Ứng dụng Stem trong dạy học. Tham gia cuộc thi Rung chuông vàng với chủ đề Vượt rào cản sáng tương lai. Tham gia và đạt thành tích tại cuộc thi Nét chữ tài hoa ngày 26/10/2024. | N77: ĐẠT
A78: 73 | B78: Lê Văn Luận | C78: 3122150061 | D78: GIÁO DỤC TIỂU HỌC | E78: =VLOOKUP(C78,'Trang tính3'!$B$10:$H$377,7,0) -> 84 | F78: =VLOOKUP(C78,'Trang tính2'!$B$1:$D$175,3,0) -> 3.70 | N78: KHÔNG ĐẠT
A79: 74 | B79: Cao Ngọc Thanh Thảo | C79: 3122150122 | D79: GIÁO DỤC TIỂU HỌC | E79: =VLOOKUP(C79,'Trang tính3'!$B$10:$H$377,7,0) -> 96 | F79: =VLOOKUP(C79,'Trang tính2'!$B$1:$D$175,3,0) -> 3.79 | H79: Kết quả phân tích chất lượng Đoàn viên năm học 2024 - 2025 đạt Hoàn thành xuất sắc nhiệm vụ. Đạt danh hiệu Sao tháng thanh niên SGU Nghĩ đúng Sống đẹp năm 2025 theo quyết định số 06-QĐCN/ĐTN-VP của Đoàn trường và Hội Sinh viên trường. Tham gia buổi sinh hoạt chính trị Hành trình Người Cộng sản trẻ do Khoa Giáo dục Tiểu học tổ chức. Tham gia cuộc thi trắc nghiệm tương tác trực tuyến tìm hiểu 80 năm ngày Tổng tuyển cử đầu tiên bầu Quốc hội Việt Nam. Tham gia cuộc thi trực tuyến Tuổi trẻ học tập và làm theo tư tưởng, đạo đức, phong cách Hồ Chí Minh năm học 2024 – 2025. Hoàn thành việc học tập chuyên đề học tập và làm theo tư tưởng, đạo đức, phong cách Hồ Chí Minh năm 2024 do Trung ương Đoàn tổ chức. | I79: Đạt giải Nhì cuộc thi thiết kế video clip Cùng sách đến trường – Một ngày làm Sgu-er do Câu lạc bộ Sách Ươm mầm tri thức tổ chức tháng 11/2024. Là thành viên hoạt động tích cực tại Câu lạc bộ Sách Ươm mầm tri thức khoa Giáo dục Tiểu học trong cả hai học kỳ năm học 2024 – 2025. | J79: Được công nhận đã tham gia sân chơi Thanh niên khỏe trong khuôn khổ Ngày hội Tân sinh viên SGU’s Day 2025 theo quyết định số 03/QĐCN-BTK. | K79: Được Ban Chấp hành Đoàn trường Đại học Sài Gòn tặng giấy khen vì đã đóng góp tích cực trong Chiến dịch tình nguyện Mùa hè xanh lần thứ 32 năm 2025. Tham gia chương trình Tiếp sức mùa thi năm 2025 do Hội Sinh viên Việt Nam Thành phố Hồ Chí Minh tổ chức với 4 ngày tình nguyện. Hoàn thành Chiến dịch tình nguyện Mùa hè xanh lần thứ 32 năm 2025 do trường Đại học Sài Gòn tổ chức. Tham gia ngày Chủ nhật xanh lần thứ 156 năm 2025 với chủ đề Save water – Stay green tương ứng 1 ngày tình nguyện. Tham gia chuỗi chương trình Xuân tình nguyện 2025 do Đoàn Hội khoa Giáo dục Tiểu học tổ chức tương ứng 1 ngày tình nguyện. | L79: Có chứng chỉ tiếng Anh Aptis ESOL trình độ bậc B2 do Hội đồng Anh cấp năm 2025. Điểm trung bình các học phần Ngoại ngữ đạt tuyệt đối 10 trên 10. Hoàn thành khóa học Ứng dụng Trí tuệ nhân tạo cho Thanh niên Việt Nam do Trung ương Đoàn cấp năm 2025. Có chứng chỉ Ứng dụng công nghệ thông tin cơ bản và chứng chỉ Ứng dụng công nghệ thông tin trong dạy học do trường Đại học Sài Gòn cấp. Hoàn thành chương trình Bồi dưỡng nhận thức về Đảng do Đảng ủy Ủy ban nhân dân Thành phố Hồ Chí Minh tổ chức với xếp loại Giỏi Tham gia tọa đàm Ứng dụng trí tuệ nhân tạo trong dạy học do Đoàn Hội khoa Giáo dục Tiểu học tổ chức tháng 10/2025 Tham gia sân chơi SGU-ers Harmony giao thoa bản sắc dân tộc Việt Nam trong Ngày hội Tân sinh viên SGU’s Day 2025. Tham gia cuộc thi Tiếng Anh Becoming Global lần thứ 5 chủ đề Rise of the wise năm học 2024 – 2025. Đạt danh hiệu Sinh viên 5 tốt khoa Giáo dục Tiểu học hai năm học liên tiếp 2023 - 2024 và 2024 - 2025. Được công nhận là Đoàn viên ưu tú trường Đại học Sài Gòn năm học 2024 - 2025. | N79: ĐẠT
A80: 75 | B80: Bùi Nguyễn Phương Thùy | C80: 3122150128 | D80: GIÁO DỤC TIỂU HỌC | E80: =VLOOKUP(C80,'Trang tính3'!$B$10:$H$377,7,0) -> 96 | F80: =VLOOKUP(C80,'Trang tính2'!$B$1:$D$175,3,0) -> 3.73 | H80: Kết quả phân tích chất lượng Đoàn viên năm học 2024 - 2025 đạt Hoàn thành xuất sắc nhiệm vụ. Đạt danh hiệu Thanh niên tiên tiến khoa Giáo dục Tiểu học làm theo lời Bác năm học 2024 – 2025 theo quyết định số 27-GCN/ĐTN của Ban Thường vụ Đoàn trường. Tham gia buổi sinh hoạt chính trị Hành trình Người Cộng sản trẻ do Khoa Giáo dục Tiểu học tổ chức. Là người thuyết minh cho Công trình Thanh niên Không gian văn hóa tư tưởng Hồ Chí Minh với chủ đề Nhi đồng – Theo dấu chân Bác. Hoàn thành việc học tập chuyên đề học tập và làm theo tư tưởng, đạo đức, phong cách Hồ Chí Minh năm 2024. | I80: Là đồng tác giả bài tham luận Vận dụng AI trong thiết kế học liệu số trong dạy học môn tự nhiên và xã hội lớp 3 đăng trong kỷ yếu Hội thảo khoa học Quốc tế tại Đại học Vinh ngày 25/10/2025. Đạt giải Nhì cuộc thi Nét chữ tài hoa do Câu lạc bộ Học thuật Tôi – Người giáo viên Tiểu học tổ chức tháng 10/2024. Là thành viên hoạt động tích cực tại Câu lạc bộ Sách Ươm mầm tri thức khoa Giáo dục Tiểu học trong cả hai học kỳ năm học 2024 – 2025. | J80: Đạt giải Nhì môn Kéo co tại Hội thao Youth Energy – Sức trẻ khoa Giáo dục Tiểu học năm học 2024 – 2025 theo quyết định số 04-GCN/GDTH. | K80: Đạt danh hiệu Chiến sĩ giỏi tiêu biểu Chiến dịch Mùa hè xanh trường Đại học Sài Gòn lần thứ 32 năm 2025. Tham gia hiến máu tình nguyện tại Bệnh viện Truyền máu huyết học vào tháng 05/2025 và tháng 09/2025. Tham gia chương trình Tiếp sức mùa thi năm 2025 do Hội sinh viên Việt Nam Thành phố Hồ Chí Minh tổ chức với tổng cộng 7 ngày tình nguyện. Hoàn thành Chiến dịch tình nguyện Mùa hè xanh lần thứ 32 năm 2025 do trường Đại học Sài Gòn tổ chức. Tham gia các chương trình gây quỹ Đêm hội trăng rằm, quyên góp học bổng Thắp sáng ước mơ và Tiếp sức đến trường tháng 09/2024. Tham gia chuỗi chương trình Thứ Bảy tình nguyện bao gồm các chủ đề Em vẽ ước mơ, Lớp học sắc màu và Điều ước của em. Tham gia ngày Chủ nhật xanh lần thứ 156 năm 2025 với chủ đề Save water – Stay green. | L80: Có chứng chỉ tiếng Anh Aptis ESOL trình độ bậc B1 do Hội đồng Anh cấp năm 2024. Điểm trung bình các học phần Ngoại ngữ đạt tuyệt đối 10 trên 10. Là tác giả bài báo tham luận và trực tiếp tham gia Hội thảo khoa học Quốc tế Đào tạo giáo viên tiểu học trong bối cảnh chuyển đổi số tại Nghệ An ngày 25/10/2025. Hoàn thành Khóa học ứng dụng Trí tuệ nhân tạo cho Thanh niên Việt Nam do Trung ương Đoàn cấp năm 2025. Có chứng chỉ Ứng dụng công nghệ thông tin cơ bản do trường Đại học Sư phạm Thành phố Hồ Chí Minh cấp và chứng chỉ Ứng dụng công nghệ thông tin trong dạy học do trường Đại học Sài Gòn cấp. Tham gia các tọa đàm Ứng dụng STEM trong dạy học và Sơ cứu học đường – Hành trang vững bước. Tham gia cuộc thi Tiếng Anh Becoming Global lần thứ 5 chủ đề Rise of the wise và sân chơi Sắc màu văn hóa Explore the word – Live the Culture. Được công nhận là Đoàn viên ưu tú trường Đại học Sài Gòn Đợt 2 năm học 2024 – 2025. Đạt danh hiệu Sinh viên 5 tốt khoa Giáo dục Tiểu học hai năm liên tiếp 2023 - 2024 và 2024 - 2025. | N80: ĐẠT
A81: 76 | B81: Lê Thị Huyền Trang | C81: 3122150147 | D81: GIÁO DỤC TIỂU HỌC | E81: =VLOOKUP(C81,'Trang tính3'!$B$10:$H$377,7,0) -> 93.5 | F81: =VLOOKUP(C81,'Trang tính2'!$B$1:$D$175,3,0) -> 3.79 | H81: Kết quả phân tích chất lượng Đoàn viên năm học 2024 - 2025 đạt Hoàn thành xuất sắc nhiệm vụ được giao. Đạt danh hiệu Thanh niên tiên tiến làm theo lời Bác năm học 2024 - 2025 vào ngày 13/04/2025. Đạt giải Nhì cuộc thi From roots we rise, to future we shine. Tham gia buổi sinh hoạt chính trị Hành trình Người cộng sản trẻ. Tham gia Lớp bồi dưỡng nhận thức về Đảng. Thực hiện bài kiểm tra Tư tưởng đạo đức Hồ Chí Minh trên ứng dụng Thanh niên Việt Nam. | I81: Đạt giải Nhất trong cuộc thi Sân chơi Sắc màu văn hóa Explore the world – Live the culture do Câu lạc bộ Sinh viên 5 tốt khoa Giáo dục Tiểu học tổ chức. Là thành viên Câu lạc bộ học thuật Tôi – Người giáo viên Tiểu học. | J81: Đạt giải Khuyến khích hội thao Youth Energy – Sức trẻ khoa Giáo dục Tiểu học năm 2025 vào ngày 15/03/2025 | K81: Tham gia chương trình Thứ bảy tình nguyện Em vẽ ước mơ ngày 19/10/2024 tương ứng 1 ngày tình nguyện. Tham gia chương trình Thứ bảy tình nguyện Lớp học sắc màu ngày 16/11/2024 tương ứng 1 ngày tình nguyện. Tham gia chương trình Ngày chủ nhật xanh với chủ đề Save water – Stay green – Giữ gìn nước sạch – Cho cuộc sống xanh ngày 23/03/2025 tương ứng 1 ngày tình nguyện. Tham gia chương trình Thứ bảy tình nguyện Điều ước của em ngày 18/10/2025 tương ứng 1 ngày tình nguyện. Tham gia chương trình Thứ bảy tình nguyện Hoa yêu thương ngày 01/03/2025 tương ứng 1 ngày tình nguyện. Tham gia chương trình Ngày chủ nhật xanh Workshop Sắc màu hồi sinh ngày 26/10/2025 tương ứng 1 ngày tình nguyện. Tham gia quyên góp cho các quỹ học bổng Thắp sáng ước mơ và Tiếp sức đến trường. Tham gia quyên góp cho chương trình Đêm hội trăng rằm và Xuân tình nguyện. Tham gia quyên góp ủng hộ đồng bào lũ lụt miền Trung và Góc sẻ chia của Đội Công tác Xã hội. | L81: Đạt chứng chỉ tiếng Anh VSTEP trình độ bậc 3 do trường Đại học Sài Gòn cấp năm 2025. Điểm trung bình các học phần Ngoại ngữ đạt tuyệt đối 4.0 trên 4.0. Đạt giải Nhất trong cuộc thi Sân chơi Sắc màu văn hóa Explore the world – Live the culture. Tham gia chương trình VSTEP Reading Skills – Journey to Mastery từ ngày 24/04 đến 27/04/2025. Tham gia cuộc thi Rung chuông vàng Vượt rào cản - Sáng tương lai ngày 20/04/2025. Tham gia cuộc thi Becoming Global lần thứ 5 chủ đề Rise of the wise ngày 16/03/2025. Tham gia cuộc thi Nét đẹp sinh viên sư phạm khoa Giáo dục Tiểu học năm 2025 từ ngày 11/03 đến 14/03/2025. Hoàn thành khóa học Ứng dụng Công nghệ thông tin cơ bản và Ứng dụng Công nghệ thông tin trong dạy học. Tham gia tọa đàm Sơ cứu cấp cứu – Hành trang học đường và tọa đàm STEAM trong dạy học. Tham gia chương trình Campus Tour 2025 chủ đề Làm chủ AI, làm chủ sự nghiệp. Đạt danh hiệu Đoàn viên ưu tú năm học 2024 – 2025. Đạt danh hiệu Sinh viên 5 tốt liên tiếp hai năm học 2023 - 2024 và 2024 - 2025. | N81: ĐẠT
A82: 77 | B82: Đinh Thị Cẩm Tú | C82: 3122150162 | D82: GIÁO DỤC TIỂU HỌC | E82: =VLOOKUP(C82,'Trang tính3'!$B$10:$H$377,7,0) -> 91.5 | F82: =VLOOKUP(C82,'Trang tính2'!$B$1:$D$175,3,0) -> 3.53 | N82: KHÔNG ĐẠT
A83: 78 | B83: Lê Quốc Vinh | C83: 3122150169 | D83: GIÁO DỤC TIỂU HỌC | E83: =VLOOKUP(C83,'Trang tính3'!$B$10:$H$377,7,0) -> 96.5 | F83: =VLOOKUP(C83,'Trang tính2'!$B$1:$D$175,3,0) -> 3.74 | N83: KHÔNG ĐẠT
A84: 79 | B84: Mai Thị Minh Huyền | C84: 3122150044 | D84: GIÁO DỤC TIỂU HỌC | E84: =VLOOKUP(C84,'Trang tính3'!$B$10:$H$377,7,0) -> 99 | F84: =VLOOKUP(C84,'Trang tính2'!$B$1:$D$175,3,0) -> 3.72 | H84: Kết quả phân tích chất lượng Đoàn viên năm học 2024 - 2025 đạt Hoàn thành xuất sắc nhiệm vụ. Đạt danh hiệu Điển hình Thanh niên tiên tiến khoa Giáo dục Tiểu học làm theo lời Bác năm học 2024 – 2025 vào ngày 13/04/2025. Đạt danh hiệu Thanh niên tiên tiến trường Đại học Sài Gòn làm theo lời Bác năm học 2024 – 2025 vào ngày 12/05/2025. Đạt danh hiệu Sao tháng Thanh niên SGU Nghĩ đúng sống đẹp năm học 2025 vào ngày 17/04/2025. Tham gia Buổi sinh hoạt chính trị Hành trình Người Cộng sản trẻ ngày 02/03/2025. Tham gia Hành trình về nguồn - Du hành sử kí ngày 17/05/2025. | I84: Là chủ nhiệm đề tài nghiên cứu khoa học Dạy học tiếng Việt cho học sinh lớp 4 từ bình diện ngữ dụng học bộ sách Chân trời sáng tạo. Đạt giải Nhất hội thi Nghiệp vụ Sư phạm cấp khoa năm học 2024 – 2025. Đạt giải Năng khiếu Sư phạm tốt nhất tại Hội thi Nghiệp vụ Sư phạm cấp khoa năm học 2024 – 2025. Là thành viên hoạt động tích cực tại Câu lạc bộ Học thuật trong học kỳ 2 năm học 2024 – 2025. | J84: Đạt danh hiệu Thanh niên khỏe trường Đại học Sài Gòn liên tiếp hai năm học 2024 và 2025 sau khi tham gia tích cực Ngày hội Tân sinh viên SGU’s Day. Đạt danh hiệu Thanh niên khỏe khoa Giáo dục Tiểu học năm học 2024 - 2025. | K84: Được khen thưởng vì đã có đóng góp tích cực trong chiến dịch tình nguyện Mùa hè xanh trường Đại học Sài Gòn lần thứ 32 năm 2025. Tham gia và hoàn thành chiến dịch Xuân tình nguyện trường Đại học Sài Sòn lần thứ 17 năm 2025. Tham gia hỗ trợ kỳ thi Đánh giá năng lực đợt 1 năm học 2025 vào ngày 20/05/2025. Tham gia chương trình Tiếp sức đến trường trường Đại học Sài Gòn năm 2025 vào ngày 29/08/2025. Tham gia chương trình Tiếp sức mùa thi trường Đại học Sài Gòn năm 2025 vào ngày 28/06/2025. Tham gia hiến máu tình nguyện năm học 2024 – 2025 vào ngày 14/11/2024. Tham gia các chương trình Thứ Bảy tình nguyện bao gồm Em vẽ ước mơ, Lớp học sắc màu và Hoa yêu thương. Tham gia chương trình Ngày Chủ nhật xanh với chủ đề Giữ gìn nước sạch cho cuộc sống xanh. | L84: Đạt chứng chỉ Ngoại ngữ Bậc 3 theo Khung năng lực ngoại ngữ 6 bậc dùng cho Việt Nam do Trung tâm ngoại ngữ trường Đại học Sài Gòn cấp năm 2025. Điểm trung bình các học phần Ngoại ngữ đạt 9.00. Đạt chứng chỉ tin học quốc tế MOS tại IIG. Hoàn thành Khóa tập huấn kỹ năng Trí tuệ nhân tạo dành cho Cán bộ Đoàn – Hội. Đạt chứng nhận xuất sắc hoàn thành nhiệm vụ tại khu vực ASEAN Explorer – sinh viên Đại học Sài Gòn tự tin hội nhập ngày 05/10/2025. Có giấy chứng nhận Ứng dụng Công nghệ thông tin trong dạy học. Đạt danh hiệu Cán bộ Hội tiêu biểu năm học 2024 – 2025. Có thành tích xuất sắc trong công tác Hội và phong trào sinh viên trường Đại học Sài Gòn năm học 2024 – 2025. Tham gia cuộc thi Tiếng Anh Becoming Global lần thứ 5 chủ đề Rise of the Wise. Tham gia sân chơi ngoại ngữ The Language Zone và chương trình SGU-ers Harmony Giao thoa bản sắc dân tộc Việt Nam ngày 19/10/2025. Đạt danh hiệu Sinh viên 5 tốt trường Đại học Sài Gòn năm học 2023 - 2024. | N84: ĐẠT
A85: 80 | B85: Đỗ Trần Kim Ngân | C85: 3122150072 | D85: GIÁO DỤC TIỂU HỌC | E85: =VLOOKUP(C85,'Trang tính3'!$B$10:$H$377,7,0) -> 95.5 | F85: =VLOOKUP(C85,'Trang tính2'!$B$1:$D$175,3,0) -> 3.29 | H85: Kết quả phân tích chất lượng Đoàn viên năm học 2024 - 2025 đạt Hoàn thành xuất sắc nhiệm vụ. Đạt danh hiệu Thanh niên tiên tiến khoa Giáo dục Tiểu học làm theo lời Bác năm học 2024 – 2025 tuyên dương ngày 13/04/2025. Tham gia Ban Tổ chức chương trình Hành trình về nguồn – Du hành sử kí. Tham gia lớp Bồi dưỡng nhận thức về Đảng. | I85: Là thành viên Câu lạc bộ Học thuật Tôi - Người giáo viên Tiểu học. Là thành viên Câu lạc bộ Micro Sài Gòn trường Đại học Sài Gòn. | J85: Đạt giải Khuyến khích môn Kéo co tại hội thao Youth Energy - Sức trẻ khoa Giáo dục Tiểu học năm 2025. | K85: 1 ngày: Tham gia Thứ Bảy tình nguyện “Điều ước của em” 1 ngày: Tham gia Thứ Bảy tình nguyện “Hoa yêu thương” 1 ngày: Tham gia Thứ Bảy tình nguyện “Lớp học sắc màu” 1 ngày: Tham gia Thứ Bảy tình nguyện “Em vẽ ước mơ” 1 ngày: Tham gia Ngày Chủ nhật xanh “Save water - Stay green” “Giữ gìn nước sạch - Cho cuộc sống xanh” | L85: Đạt chứng chỉ tiếng Anh VSTEP trình độ bậc 4 tương đương B2 do trường Đại học Sư phạm Thành phố Hồ Chí Minh cấp ngày 24/07/2023. Điểm trung bình các học phần Ngoại ngữ đạt tuyệt đối 10 trên 10. Tham gia Ban Tổ chức cuộc thi Rung chuông vàng - Vượt rào cản, sáng tương lai. Tham gia Ban Tổ chức tọa đàm Sơ cấp cứu - Hành trang học đường. Tham gia Ban Tổ chức cuộc thi Tiếng Anh Becoming Global lần thứ 5 chủ đề Rise of the Wise. Tham gia Ban Tổ chức sân chơi Sắc màu văn hóa. Đạt danh hiệu Cán bộ Hội tiêu biểu trường Đại học Sài Gòn năm học 2024 – 2025. Đạt thành tích xuất sắc trong công tác Hội và phong trào sinh viên trường Đại học Sài Gòn năm học 2024 - 2025. | N85: ĐẠT
A86: 81 | B86: Trịnh Nguyễn Ngọc Nhi | C86: 3122150092 | D86: GIÁO DỤC TIỂU HỌC | E86: =VLOOKUP(C86,'Trang tính3'!$B$10:$H$377,7,0) -> 97.5 | F86: =VLOOKUP(C86,'Trang tính2'!$B$1:$D$175,3,0) -> 3.52 | H86: Kết quả phân tích chất lượng Đoàn viên năm học 2024 - 2025 đạt Hoàn thành xuất sắc nhiệm vụ. Đạt danh hiệu Thanh niên tiên tiến làm theo lời Bác khoa Giáo dục Tiểu học vào ngày 13/04/2025. Đạt danh hiệu Sao tháng Thanh niên SGU nghĩ đúng – sống đẹp trường Đại học Sài Gòn vào ngày 17/04/2025. Đạt danh hiệu Đoàn viên tiêu biểu năm học 2024-2025 do Ban Chấp hành Đoàn trường Đại học Sài Gòn khen thưởng. Tham gia Ban Tổ chức buổi Sinh hoạt chính trị Hành trình người cộng sản trẻ tại Bảo tàng thành phố Hồ Chí Minh. | I86: Đảm nhiệm vai trò Phó Chủ nhiệm Câu lạc bộ Sách Ươm mầm tri thức khoa Giáo dục Tiểu học trong 3 học kỳ | J86: Đạt danh hiệu Thanh niên khỏe trường Đại học Sài Gòn liên tiếp hai năm 2024 và 2025. | K86: Được khen thưởng danh hiệu Chiến sĩ giỏi trong chiến dịch tình nguyện Mùa hè xanh trường Đại học Sài Gòn ngày 15/10/2024. Hoàn thành chiến dịch Mùa hè xanh tại tỉnh Đắk Nông với tổng cộng 28 ngày tình nguyện. Hoàn thành chiến dịch Xuân tình nguyện trường Đại học Sài Gòn lần thứ 17 năm 2025 với tổng cộng 20 ngày tình nguyện. Tham gia chương trình Hướng nghiệp và Việc làm lần thứ 4 năm 2025. Tham gia tọa đàm Câu chuyện về hành trình khởi nghiệp vào ngày 13/12/2024. Tham gia biểu diễn văn nghệ tuyên truyền Chung tay xây dựng chính quyền địa phương hai cấp. | L86: Đạt chứng chỉ tiếng Anh VSTEP mức B1 do trường Đại học Sài Gòn cấp ngày 27/10/2025. Điểm trung bình các học phần Ngoại ngữ bao gồm Tiếng Anh 1, 2 và 3 đạt quy đổi 9 điểm. Đạt giải Ba cuộc thi Nét đẹp sư phạm sinh viên khoa Giáo dục Tiểu học năm 2025. Đạt giấy chứng nhận xuất sắc hoàn thành nhiệm vụ tại khu vực ASEAN Explorer – sinh viên Đại học Sài Gòn tự tin hội nhập ngày 05/10/2024. Tham gia Ban Tổ chức cuộc thi Sân khấu hóa tác phẩm văn học khoa Giáo dục Tiểu học. Tham gia Ban Tổ chức cuộc thi Rung chuông vàng – Vượt rào cản, sáng tương lai khoa Giáo dục Tiểu học. Tham gia cuộc thi Becoming Global lần thứ 5 chủ đề Rise of the wise với vai trò thí sinh. Có giấy chứng nhận Ứng dụng Công nghệ thông tin trong dạy học với kết quả lý thuyết đạt 8.5 và thực hành đạt 7.3. Đạt danh hiệu Sinh viên 5 tốt khoa Giáo dục Tiểu học năm học 2024 – 2025. | N86: ĐẠT
A87: 82 | B87: Lâm Tâm Như | C87: 3122150096 | D87: GIÁO DỤC TIỂU HỌC | E87: =VLOOKUP(C87,'Trang tính3'!$B$10:$H$377,7,0) -> 98 | F87: =VLOOKUP(C87,'Trang tính2'!$B$1:$D$175,3,0) -> 3.90 | H87: Kết quả phân tích chất lượng Đoàn viên năm học 2024 - 2025 đạt Hoàn thành tốt nhiệm vụ. Tham gia triển lãm không gian văn hoá tư tưởng Hồ Chí Minh với chủ đề Nhi đồng – Theo chân Bác. Đạt danh hiệu Thanh niên tiên tiến làm theo lời Bác khoa Giáo dục Tiểu học năm học 2024 – 2025. | I87: Thực hiện đề tài nghiên cứu khoa học sinh viên Ứng dụng trí tuệ nhân tạo trong dạy học chủ đề Con người và sức khoẻ môn Tự nhiên và Xã hội lớp 3. Có bài tham luận Vận dụng trí tuệ nhân tạo trong thiết kế học liệu số trong dạy học môn Tự nhiên và Xã hội lớp 3 tại Hội thảo khoa học Đại học Vinh. Tham gia và có chứng nhận hoạt động tích cực tại Câu lạc bộ Học thuật Tôi – người giáo viên Tiểu học. | J87: Đạt danh hiệu Thanh niên khỏe năm học 2024 – 2025. Đạt giải Nhì môn kéo co tại Hội thao Youth Energy – Sức trẻ khoa Giáo dục Tiểu học ngày 15/03/2025 | K87: Hoàn thành chương trình tình nguyện Đêm hội Trăng rằm 2026 – Chạm trăng vào ngày 28/09/2025. Tham gia hoạt động Thứ Bảy tình nguyện với chủ đề Sân chơi khoa học dành cho thiếu nhi. Tham gia hoạt động Thứ Bảy tình nguyện với chủ đề Hoa yêu thương. Tham gia hoạt động Thứ Bảy tình nguyện với chủ đề Em vẽ ước mơ. Tham gia chương trình Ngày chủ nhật xanh với chủ đề Save water – Stay green. Tham gia hoạt động Thứ Bảy tình nguyện với chủ đề Điều ước của em. | L87: Đạt chứng chỉ tiếng Anh IELTS do Hội đồng Anh cấp. Điểm trung bình các học phần Ngoại ngữ đạt tuyệt đối 10.0 trên 10.0. Tham gia cuộc thi tiếng Anh Becoming Global lần thứ 5. Có giấy chứng nhận hoàn thành hoạt động trang bị kỹ năng Ứng dụng công nghệ thông tin trong dạy học. Đạt danh hiệu Đoàn viên ưu tú và Đoàn viên tiêu biểu năm học 2024 – 2025. Tham gia Ban Tổ chức cuộc thi Becoming Global lần thứ 5. Đạt danh hiệu Sinh viên năm Tốt tiêu biểu khoa Giáo dục Tiểu học năm học 2024 – 2025. | N87: ĐẠT
A88: 83 | B88: Nguyễn Thị Trình | C88: 3122150160 | D88: GIÁO DỤC TIỂU HỌC | E88: =VLOOKUP(C88,'Trang tính3'!$B$10:$H$377,7,0) -> 94 | F88: =VLOOKUP(C88,'Trang tính2'!$B$1:$D$175,3,0) -> 3.62 | N88: KHÔNG ĐẠT
A89: 84 | B89: Cao Trần Thảo Vy | C89: 3122150170 | D89: GIÁO DỤC TIỂU HỌC | E89: =VLOOKUP(C89,'Trang tính3'!$B$10:$H$377,7,0) -> 100 | F89: =VLOOKUP(C89,'Trang tính2'!$B$1:$D$175,3,0) -> 3.80 | N89: KHÔNG ĐẠT
A90: 85 | B90: Nguyễn Thị Hải Yến | C90: 3122150179 | D90: GIÁO DỤC TIỂU HỌC | E90: =VLOOKUP(C90,'Trang tính3'!$B$10:$H$377,7,0) -> 86 | F90: =VLOOKUP(C90,'Trang tính2'!$B$1:$D$175,3,0) -> 3.68 | H90: Kết quả phân tích chất lượng Đoàn viên năm học 2024 - 2025 đạt Hoàn thành xuất sắc nhiệm vụ. Là thành viên đội Giáo dục tiểu học 2 tham gia vòng bán kết hội thi Olympic các môn khoa học Mác Lênin và Tư tưởng Hồ Chí Minh. Đạt danh hiệu Thanh niên tiên tiến làm theo lời Bác khoa Giáo dục Tiểu học năm học 2024 – 2025 vào ngày 10/04/2025. | I90: Đạt giải Nhất cuộc thi Sân khấu hóa tác phẩm văn học do Câu lạc bộ Học thuật Tôi - Người giáo viên Tiểu học phối hợp với Câu lạc bộ Sách Ươm mầm tri thức tổ chức. Là thành viên hoạt động tích cực tại Câu lạc bộ Học thuật Tôi - Người giáo viên Tiểu học. | J90: Đạt danh hiệu Sinh viên khỏe khoa Giáo dục Tiểu học với điểm trung bình các học phần Giáo dục thể chất đạt 7.3. Đạt giải Nhì cuộc thi Kéo co tại hội thao Youth energy – Sức trẻ khoa Giáo dục Tiểu học năm học 2025 | K90: Tham gia chương trình Tiếp sức mùa thi năm 2024 từ ngày 22 đến ngày 28/06/2024 tương ứng 3 ngày tình nguyện. Tham gia đồng diễn Lễ chào cờ Tôi yêu Tổ quốc kỷ niệm 50 năm ngày giải phóng miền Nam thống nhất đất nước tương ứng 2 ngày tình nguyện. Đạt giải Nhất và hoàn thành 1 ngày tình nguyện chương trình Ngày chủ nhật xanh Save water – Stay green ngày 23/03/2025. Tham gia chương trình Thứ 7 tình nguyện Nét vẽ xanh - Hành tinh sạch của Câu lạc bộ Trái tim vàng tương ứng 1 ngày tình nguyện. Tham gia hiến máu tình nguyện vào ngày 15/03/2025 tương ứng 1 ngày tình nguyện. Là thành viên tích cực của Câu lạc bộ Tình nguyện Trái Tim Vàng khoa Giáo dục Tiểu học. Thực hiện quyên góp học bổng Thắp sáng ước mơ, học bổng Tiếp sức đến trường và ủng hộ đồng bào bị ảnh hưởng bởi bão số 3. | L90: Đạt chứng chỉ tiếng Anh Vstep trình độ bậc B1 với mức điểm 5.0 do trường Đại học Sài Gòn cấp năm 2024. Điểm trung bình các học phần Ngoại ngữ 1, 2 và 3 đạt tuyệt đối 9.0 trên thang điểm 10. Đạt Top 5 MV ca nhạc xuất sắc nhất tại Liên hoan phim sinh viên UNI TOUR - HÀNH TRÌNH XANH cấp thành phố tháng 03/2025. Đạt giải Nhất cuộc thi chế tạo máy lọc nước trong chương trình Ngày chủ nhật xanh Save water – Stay green. Tham gia cuộc thi Becoming Global lần thứ 5 và cuộc thi SGU’s Got Talent năm 2025. Lọt vào vòng chung kết Liên hoan phim sinh viên Thành phố Hồ Chí Minh với video Hành động vì thiên nhiên. Có chứng chỉ Ứng dụng công nghệ thông tin cơ bản năm 2023 và chứng chỉ Ứng dụng công nghệ thông tin trong dạy học năm 2025. Có giấy chứng nhận Luyện chữ đẹp tại trung tâm Luyện chữ đẹp Bình An. Đạt danh hiệu Đoàn viên ưu tú đợt 1 năm học 2024 - 2025. Đạt danh hiệu Sinh viên 5 tốt khoa Giáo dục Tiểu học liên tiếp hai năm học 2023 - 2024 và 2024 - 2025. | N90: ĐẠT
A91: 86 | B91: Nguyễn Hồng Nhạc | C91: 3123150105 | D91: GIÁO DỤC TIỂU HỌC | E91: =VLOOKUP(C91,'Trang tính3'!$B$10:$H$377,7,0) -> 99.5 | F91: =VLOOKUP(C91,'Trang tính2'!$B$1:$D$175,3,0) -> 3.54 | H91: Kết quả phân tích chất lượng Đoàn viên năm học 2024 - 2025 đạt Hoàn thành xuất sắc nhiệm vụ. Đạt danh hiệu Thanh niên tiên tiến khoa Giáo dục Tiểu học làm theo lời Bác năm học 2024 - 2025 theo Giấy khen số 37-GCN/ĐTN ngày 13/04/2024. Đảm nhận vai trò Ban Tổ chức buổi sinh hoạt chính trị Hành trình Người Cộng sản trẻ vào ngày 02/03/2025. Đảm nhận vai trò Ban Tổ chức Hành trình về nguồn – Du hành sử kí cấp khoa. Hoàn thành chương trình bồi dưỡng nhận thức về Đảng theo quy định của Trung ương và đạt loại Giỏi. Hoàn thành chương trình bồi dưỡng các bài học Lý luận Chính trị cho Đoàn viên năm học 2024 - 2025 vào ngày 14/03/2025. Hoàn thành học tập chuyên đề học tập và làm theo tư tưởng, đạo đức, phong cách Hồ Chí Minh năm 2024. | I91: Đảm nhận vai trò Phó Chủ nhiệm Câu lạc bộ Học thuật Tôi – Người Giáo viên Tiểu học trong học kỳ 2 năm học 2024 - 2025. Đảm nhận vai trò Phó Chủ nhiệm Câu lạc bộ Sách Ươm mầm tri thức trong học kỳ 1 năm học 2024 - 2025. | J91: Đạt danh hiệu Thanh niên khỏe năm học 2024 - 2025 cấp khoa. Tham gia sân chơi Thanh niên khỏe trong khuôn khổ Ngày hội Tân Sinh viên SGU’s Day năm 2025. Đạt giải Nhì nội dung kéo co tại hội thao Youth Energy – Sức trẻ khoa Giáo dục Tiểu học ngày 15/03/2025. | K91: Được tặng Giấy khen số 08-QĐKT/ĐTN-VP vì đã có đóng góp tích cực trong hoạt động Tháng Thanh niên trường Đại học Sài Gòn năm 2025. Đảm nhận vai trò Ban Tổ chức chương trình Chào mừng kỷ niệm 20 năm Ngày truyền thống Hội Sinh viên trường – Sinh viên hành động vì trường học xanh vào ngày 22/02/2025. Đảm nhận vai trò Ban Tổ chức chuỗi chương trình Thứ Bảy tình nguyện bao gồm các chủ đề Em vẽ ước mơ, Lớp học sắc màu, Hoa yêu thương và Điều ước của em. Đảm nhận vai trò Ban Tổ chức chương trình Ngày Chủ nhật xanh Save water – Stay green vào ngày 23/03/2025. Đảm nhận vai trò Ban Tổ chức chương trình Thứ Bảy tình nguyện Sân chơi khoa học dành cho thiếu nhi vào ngày 29/03/2025. Tham gia kiểm tra Nghị quyết số 57-NQ/TW của Bộ Chính trị về phát triển khoa học công nghệ và chuyển đổi số quốc gia. Tham gia chương trình Câu chuyện hòa bình do Nhà trường huy động. | L91: Đạt giải Ba cuộc thi tiếng Anh Becoming Global lần thứ 5 chủ đề Rise of The Wise năm học 2024 - 2025. Đảm nhận vai trò Ban Tổ chức sân chơi Sắc màu văn hóa Explore the world – Live the culture vào ngày 10/05/2025. Đảm nhận vai trò Ban Tổ chức cuộc thi Nét chữ tài hoa và cuộc thi Sân khấu hóa tác phẩm Văn học. Đảm nhận vai trò Ban Tổ chức hội thi Rung chuông vàng Vượt rào cản – Sáng tương lai vào ngày 13/04/2025. Đảm nhận vai trò Ban Tổ chức các buổi tọa đàm chuyên môn bao gồm Ứng dụng Stem trong dạy học và Ứng dụng trí tuệ nhân tạo trong dạy học. Đạt chứng chỉ Ứng dụng Công nghệ thông tin Cơ bản và hoàn thành hoạt động trang bị kỹ năng Ứng dụng Công nghệ thông tin trong dạy học. Được tặng Giấy chứng nhận số 15-QĐKT/ĐTN-VP vì đóng góp tích cực trong công tác Đoàn và phong trào thanh niên trường Đại học Sài Gòn năm học 2024 – 2025. Được công nhận là Đoàn viên ưu tú trường Đại học Sài Gòn Đợt 1 năm học 2024 – 2025. Đạt danh hiệu Sinh viên 5 tốt trường Đại học Sài Gòn năm học 2023 - 2024. | N91: ĐẠT
A92: 87 | B92: Đỗ Nguyễn Mai Uyên | C92: 3123150188 | D92: GIÁO DỤC TIỂU HỌC | E92: =VLOOKUP(C92,'Trang tính3'!$B$10:$H$377,7,0) -> 100 | F92: =VLOOKUP(C92,'Trang tính2'!$B$1:$D$175,3,0) -> 3.59 | H92: Kết quả phân tích chất lượng Đoàn viên năm học 2024 - 2025 đạt Đoàn viên hoàn thành xuất sắc nhiệm vụ. Là thành viên chính thức tham gia hội thi Olympic các môn khoa học Mác – Lênin và tư tưởng Hồ Chí Minh trường Đại học Sài Gòn năm 2025. Đạt danh hiệu Thanh niên tiên tiến làm theo lời Bác cấp khoa Giáo dục Tiểu học tuyên dương ngày 13/04/2025. Hoàn thành Chương trình Bồi dưỡng các bài Lý luận Chính trị cho Đoàn viên năm học 2024 – 2025 theo giấy chứng nhận số 05-CN/ĐTN-BTC. Hoàn thành chương trình bồi dưỡng nhận thức về Đảng theo quy định của Trung ương do Đảng ủy Ủy ban nhân dân Thành phố Hồ Chí Minh cấp. Tham gia Hành trình về nguồn Du hành Sử kí tại Khu tưởng niệm Liệt sĩ Ngã Ba Giồng ngày 17/05/2025. | I92: Là thành viên hoạt động tích cực tại Câu lạc bộ Sách Ươm mầm tri thức. | J92: Đạt danh hiệu Thanh niên khỏe trường Đại học Sài Gòn năm học 2024 – 2025. | K92: Tham gia Chiến dịch Xuân tình nguyện trường Đại học Sài Gòn lần thứ 17 năm 2025 với tổng cộng 33 ngày tình nguyện. Tham gia Chiến dịch tình nguyện Mùa hè xanh trường Đại học Sài Gòn lần thứ 31 năm 2024 với tổng cộng 29 ngày tình nguyện. Tham gia hỗ trợ chương trình Tiếp sức mùa thi Kỳ thi Đánh giá năng lực Đại học Quốc gia Đợt 2 ngày 01/06/2025. Đảm nhận vai trò Ban Tổ chức chương trình Thứ Bảy tình nguyện Chạm vào ký ức – Khắc lời tri ân ngày 15/11/2025. Đảm nhận vai trò Ban Tổ chức chương trình Xuân tình nguyện 2025 tại cụm hoạt động số 1. Đảm nhận vai trò Ban Tổ chức chương trình Thứ Bảy tình nguyện Em vẽ ước mơ ngày 19/10/2024. Tham gia chương trình Thứ Bảy tình nguyện Lớp học sắc màu tương ứng 1 ngày tình nguyện. | L92: Đạt chứng chỉ ngoại ngữ VSTEP bậc 4 tương đương trình độ B2 do trường Đại học Sài Gòn cấp ngày 25/10/2025. Điểm trung bình học phần Tiếng Anh 1 đạt 8.9 trên thang điểm 10. Có chứng chỉ Ứng dụng Công nghệ thông tin Cơ bản do trường Đại học Sài Gòn cấp kỳ thi ngày 20/07/2025. Đảm nhận vai trò Ban Tổ chức sân chơi Sắc màu văn hóa Explore the world – Live the culture ngày 10/05/2025. Đảm nhận vai trò Ban Tổ chức chương trình Tọa đàm ứng dụng STEM trong dạy học và tọa đàm Ứng dụng trí tuệ nhân tạo trong dạy học. Đảm nhận vai trò Ban Tổ chức cuộc thi Rung chuông vàng – Vượt rào cản, sáng tương lai và tọa đàm Sơ cứu cấp cứu – Hành trang học đường. Đạt danh hiệu Cán bộ Hội tiêu biểu và Đoàn viên ưu tú trường Đại học Sài Gòn năm học 2024 – 2025. Được tặng giấy khen đã có đóng góp tích cực trong công tác Hội và phong trào sinh viên trường Đại học Sài Gòn năm học 2024 – 2025. Đạt danh hiệu Sinh viên 5 tốt tiêu biểu khoa Giáo dục Tiểu học và Sinh viên 5 tốt trường Đại học Sài Gòn năm học 2023 - 2024. Hoàn thành xuất sắc nhiệm vụ tại khu vực ASEAN Explorer – sinh viên Đại học Sài Gòn tự tin hội nhập ngày 05/10/2024. | N92: ĐẠT
A93: 88 | B93: Hồ Thị Thúy Diểm | C93: 3123150033 | D93: GIÁO DỤC TIỂU HỌC | E93: =VLOOKUP(C93,'Trang tính3'!$B$10:$H$377,7,0) -> 96 | F93: =VLOOKUP(C93,'Trang tính2'!$B$1:$D$175,3,0) -> 3.79 | H93: Kết quả phân tích chất lượng Đoàn viên năm học 2024 - 2025 đạt Hoàn thành xuất sắc nhiệm vụ. Đạt danh hiệu Sao Tháng Thanh niên SGU Nghĩ đúng Sống đẹp năm 2025 trường Đại học Sài Gòn vào ngày 17/04/2025. Đạt danh hiệu Đoàn viên ưu tú trường Đại học Sài Gòn năm học 2024 – 2025. Tham gia Minigame Uống nước nhớ nguồn do khoa Giáo dục Tiểu học tổ chức. Tham gia chuỗi hoạt động Tiếp bước truyền thống - Toả sáng Tháng Giêng khoa Giáo dục Tiểu học. Tham gia chuỗi hoạt động Hào khí mùa thu lịch sử khoa Giáo dục Tiểu học. Tham gia cuộc thi From roots we rise, to future we shine khoa Giáo dục Tiểu học. | I93: Đạt giải Ba cuộc thi Becoming Global lần thứ 5 chủ đề Rise of the wise khoa Giáo dục Tiểu học diễn ra từ ngày 16/03/2025 đến ngày 30/03/2025. Tham gia và đạt giấy chứng nhận hoạt động tại Câu lạc bộ học thuật Tôi – Người Giáo viên Tiểu học năm học 2024 – 2025. | J93: Tham gia chương trình Thanh niên khỏe năm 2025 với chủ đề GO! Đếm bước chân, đong nhiệt huyết do Nhà Văn hóa Sinh viên tổ chức. | K93: Tham gia chương trình Tiếp sức mùa thi Thành phố Hồ Chí Minh năm 2025 với tổng cộng 4 lượt tình nguyện. Tham gia chương trình Thứ Bảy Tình nguyện với chủ đề Em vẽ ước mơ tại mái ấm Truyền Tin ngày 19/10/2024. Tham gia chương trình Thứ Bảy Tình nguyện với chủ đề Lớp học sắc màu tại mái ấm Tâm Đức ngày 16/11/2024. Tham gia chương trình Thứ Bảy tình nguyện với chủ đề Hoa Yêu Thương tại mái ấm Bình An ngày 01/03/2025. Tham gia chương trình Thứ Bảy Tình nguyện với chủ đề Điều ước của em tại mái ấm Tâm Đức ngày 18/10/2025. Tham gia chương trình Ngày Chủ Nhật xanh với chủ đề Save Water – Stay Green – Giữ gìn nước sạch – Cho cuộc sống xanh ngày 23/03/2025. Tham gia chương trình Ngày Chủ nhật xanh Workshop Sắc màu hồi sinh khoa Giáo dục Tiểu học ngày 26/10/2025. Thực hiện hiến tóc cho bệnh nhân ung thư tại Thư viện tóc cho Mạng lưới ung thư vú Việt Nam ngày 24/09/2025. Tham gia biểu diễn văn nghệ Lễ kỷ niệm 50 năm ngày Giải phóng miền Nam thống nhất đất nước. | L93: Đạt chứng chỉ tiếng Anh VSTEP trình độ bậc 4 tương đương B2 do trường Đại học Sài Gòn cấp ngày 29/09/2025. Điểm trung bình các học phần Ngoại ngữ đạt tuyệt đối 4.0 trên thang điểm 4.0. Đạt giải Ba cuộc thi tiếng Anh Becoming Global lần thứ 5 chủ đề Rise of the wise khoa Giáo dục Tiểu học. Đạt giải Ba cuộc thi kỹ năng Becoming Global lần thứ 5 chủ đề Rise of the wise. Tham gia Tọa đàm Ứng dụng trí tuệ nhân tạo trong dạy học do Câu lạc bộ học thuật Tôi – Người Giáo viên Tiểu học tổ chức Đạt danh hiệu Sinh viên 5 tốt khoa Giáo dục Tiểu học năm học 2024 – 2025. | N93: ĐẠT
A94: 89 | B94: Diệc Thiên Hương | C94: 3123150061 | D94: GIÁO DỤC TIỂU HỌC | E94: =VLOOKUP(C94,'Trang tính3'!$B$10:$H$377,7,0) -> 93 | F94: =VLOOKUP(C94,'Trang tính2'!$B$1:$D$175,3,0) -> 3.09 | H94: Kết quả phân tích chất lượng Đoàn viên năm học 2024 - 2025 đạt Hoàn thành Xuất sắc nhiệm vụ. Đạt danh hiệu Sao Tháng Thanh niên SGU nghĩ đúng - sống đẹp năm 2025. Là thành viên chính thức đội thi tìm hiểu về chủ nghĩa Mác - Lênin, tư tưởng Hồ Chí Minh cấp trường | I94: Là thành viên hoạt động tích cực tại Câu lạc bộ Lý luận Trẻ trường Đại học Sài Gòn. | J94: Tham gia các hoạt động sát hạch thể lực và đạt danh hiệu Sinh viên khỏe cấp Thành phố năm 2025 | K94: Được khen thưởng vì đã có thành tích xuất sắc trong Tháng Thanh niên năm 2025 do Đoàn phường Phú Nhuận trao tặng. Tham gia và nhận giấy chứng nhận hoàn thành chương trình Tiếp sức mùa thi Thành phố Hồ Chí Minh năm 2025. | L94: Đạt chứng chỉ tiếng Anh quốc tế IELTS trình độ B2 do British Council cấp năm 2025. Điểm trung bình các học phần Ngoại ngữ đạt tuyệt đối 4.0 trên thang điểm 4.0. Tham gia thành phần đội thi Sân chơi Nói theo cách người trẻ trường Đại học Sài Gòn vào tháng 03 năm 2025. Đạt danh hiệu Sinh viên 5 tốt khoa Giáo dục Tiểu học năm học 2024 - 2025. Được công nhận là Đoàn viên ưu tú trường Đại học Sài Gòn năm học 2024 - 2025. | N94: ĐẠT
A95: 90 | B95: Nguyễn Thị Trúc Lin | C95: 3123150067 | D95: GIÁO DỤC TIỂU HỌC | E95: =VLOOKUP(C95,'Trang tính3'!$B$10:$H$377,7,0) -> 86.5 | F95: =VLOOKUP(C95,'Trang tính2'!$B$1:$D$175,3,0) -> 3.61 | H95: Kết quả phân tích chất lượng Đoàn viên năm học 2024 - 2025 đạt hoàn thành xuất sắc nhiệm vụ. Tham gia chương trình Hành trình về nguồn – Du hành sử kí. Tham gia và đạt thành tích cao có giấy chứng nhận phần thi trực tuyến cá nhân Hội thi Olympic các môn khoa học Mác – Lênin và tư tưởng Hồ Chí Minh trường đại học Sài Gòn. Tham gia tổ bình chọn sinh viên vòng chung kết bảng đội tuyển Hội thi Olympic các môn khoa học Mác – Lênin và tư tưởng Hồ Chí Minh trường đại học Sài Gòn. Tham gia chuỗi hoạt động Tiếp bước truyền thống – Toả sáng Tháng Giêng. Tham gia học tập chuyên đề về tư tưởng đạo đức phong cách Hồ Chí Minh năm 2024 vào ngày 13/09/2024. | I95: Tham gia hoạt động tích cực tại Câu lạc bộ Học thuật Tôi – Người Giáo viên Tiểu học. | J95: Đạt giải Nhì phần thi chạy tiếp sức tại Hội thao Youth Energy – Sức trẻ khoa Giáo dục Tiểu học ngày 15/03/2025. | K95: Tham gia chương trình Tiếp sức mùa thi năm 2025 vào ngày 01/07/2025 tương ứng 3 ngày tình nguyện. Tham gia chương trình Thứ bảy tình nguyện Em vẽ ước mơ ngày 19/10/2024 tương ứng 1 ngày tình nguyện. Tham gia hoạt động Chào mừng kỷ niệm 20 năm Ngày Truyền thống Hội sinh viên trường – Sinh viên hành động nhỏ vì trường học xanh ngày 28/02/2025 tương ứng 1 ngày tình nguyện. Tham gia chương trình Thứ bảy tình nguyện Điều ước của em ngày 18/10/2025 tương ứng 1 ngày tình nguyện. Tham gia cổ vũ vòng bảng giải bóng đá sinh viên 7 người Thành phố Hồ Chí Minh năm 2024. Tham gia chương trình Bế mạc khảo sát chính thức kiểm định chất lượng 6 chương trình đào tạo trình độ đại học và trình độ thạc sĩ. Tham gia ngày hội hướng nghiệp và việc làm lần thứ 3 năm 2024 ngày 28/09/2024. | L95: Đạt chứng chỉ tiếng Anh Aptis ESOL trình độ bậc B1 do Hội đồng Anh cấp ngày 28/08/2025. Đạt chứng chỉ MOS PowerPoint 2019 Associate do Microsoft cấp ngày 23/07/2024. Đạt chứng chỉ MOS Word 2019 Associate do Microsoft cấp ngày 23/07/2024. Đạt chứng chỉ ứng dụng công nghệ thông tin trong dạy học do Trung tâm công nghệ thông tin trường đại học Sài Gòn cấp ngày 23/12/2024. Tham gia và đạt giải Nhì sân chơi Sắc màu văn hoá Explore the world – live the culture. | N95: ĐẠT
A96: 91 | B96: Lâm Tường Nhi | C96: 3123150109 | D96: GIÁO DỤC TIỂU HỌC | E96: =VLOOKUP(C96,'Trang tính3'!$B$10:$H$377,7,0) -> 98.5 | F96: =VLOOKUP(C96,'Trang tính2'!$B$1:$D$175,3,0) -> 3.58 | H96: Giấy chứng nhận của Ban Thường vụ Đoàn khoa Giáo dục Tiểu học theo quyết định số 41 - GCN/ĐTN về việc đạt danh hiệu “Thanh niên tiên tiến khoa Giáo dục Tiểu học làm theo lời Bác” năm học 2024 - 2025 Giấy chứng nhận của khoa Giáo dục Tiểu học theo quyết định số 16GCN/GDTH về việc đã tham gia Hành trình về nguồn - Du hành Sử kí Giấy chứng nhận của Đoàn khoa Giáo dục Tiểu học - Câu lạc bộ Sách “Ươm mầm tri thức” về việc đã tham gia Buổi sinh hoạt chính trị “Hành trình Người Cộng sản trẻ” | I96: Giấy khen của khoa Giáo dục Tiểu học về việc đã đạt Giải Ba Hội thi “Nghiệp vụ sư phạm khoa Giáo dục Tiểu học” năm học 2024 - 2025 Giấy chứng nhận của Đoàn khoa Giáo dục Tiểu học - Câu lạc bộ Sách “Ươm mầm tri thức” khoa Giáo dục Tiểu học theo quyết định số 01 - GCN/CLBS - GDTH về việc đã tham gia đóng góp tích cực cho các hoạt động của Câu lạc bộ trong Học kì II năm học 2024 - 2025 | J96: Giấy chứng nhận của khoa Giáo dục Tiểu học theo quyết định số 04/GCN/GDTH về việc đã tích cực tham gia Hội thao “YOUTH ENERGY - SỨC TRẺ KHOA GIÁO DỤC TIỂU HỌC” và đạt giải Khuyến khích môn Kéo co khoa Giáo dục Tiểu học năm học 2024 - 2025 | K96: Giấy khen của Ban chấp hành Hội sinh viên trường Đại học Sài Gòn theo quyết định số 02/QĐ-BTK về việc đã có thành tích xuất sắc trong Chiến dịch Xuân Tình nguyện trường Đại học Sài Gòn lần thứ 17 năm 2025 Giấy khen của Ban chấp hành Đoàn trường Đại học Sài Gòn theo quyết định số 14-QĐKT/ĐTN-VP về việc đã có đóng góp tích cực trong Chiến dịch tình nguyện Mùa hè xanh trường Đại học Sài Gòn lần thứ 32 năm 2025 Giấy chứng nhận của Ban chỉ huy chiến dịch Xuân Tình nguyện trường Đại học Sài Gòn lần thứ 17 - năm 2025 theo quyết định số 02 - QĐGCN/HSV về việc đã tham gia chiến dịch | L96: Trường Đại học Sài Gòn theo quyết định số 3015/QĐ-ĐHSG về việc đã tham dự kỳ thi đánh giá năng lực ngoại ngữ theo Khung năng lực ngoại ngữ 6 bậc dùng cho Việt Nam Giấy khen của khoa Giáo dục Tiểu học về việc đã đạt Giải Ba Hội thi “Nghiệp vụ sư phạm khoa Giáo dục Tiểu học” năm học 2024 - 2025 Giấy chứng nhận của Liên chi hội sinh viên khoa Giáo dục Tiểu học về việc đã tham gia cuộc thi Tiếng Anh Becoming Global V - “Rise of the Wise” năm học 2024 - 2025 Minh chứng tham gia Tọa đàm “Sơ cứu cấp cứu - Hành trang học đường” Minh chứng tham gia Tọa đàm ứng dụng công nghệ nhân tạo (AI) trong dạy học Giấy chứng nhận của Liên chi hội sinh viên khoa Giáo dục Tiểu học và Câu lạc bộ “Sinh viên 5 tốt” theo quyết định số 51/GCN/GDTH về việc đã tham gia Sân chơi “Sắc màu văn hóa: Explore the world - Live the culture” | N96: ĐẠT | O96: LÂM TƯỜNG NHI - 3123150109 - GIÁO DỤC TIỂU HỌC - BẢNG KHAI THÀNH TÍCH.docx | P96: LÂM TƯỜNG NHI - 3123150109 - GIÁO DỤC TIỂU HỌC - MINH CHỨNG THÀNH TÍCH.docx
A97: 92 | B97: Phạm Thị Nhi | C97: 3123150116 | D97: GIÁO DỤC TIỂU HỌC | E97: =VLOOKUP(C97,'Trang tính3'!$B$10:$H$377,7,0) -> 100 | F97: =VLOOKUP(C97,'Trang tính2'!$B$1:$D$175,3,0) -> 3.78 | H97: GCN của Ban Thường vụ Đoàn khoa số: 42-GCN/ĐTN ngày 13/4/2025 Đạt danh hiệu Thanh niên tiên tiến làm theo lời Bác năm 2024 – 2025 khoa Giáo dục Tiểu học GCN của Ban Thường vụ Đoàn trường – Ban Thư ký Hội sinh viên trường số 06-QĐCN/ĐTN-VP ngày 17/04/2025 về việc Đạt danh hiệu Sao tháng “Thanh niên SGU Nghĩ đúng – Sống đẹp”năm 2025. Chương trình “Hành trình về nguồn – Du hành sử kí” Tham gia sinh hoạt chính trị với chủ đề “HÀNH TRÌNH NGƯỜI CỘNG SẢN” (cấp khoa). Đạt GCN số 05-CN/ĐTN-BTC ngày 26/3/2025 của Ban Thường vụ Đoàn trường Đại học Sài Gòn, nội dung: Đã hoàn thành Chương trình Bồi dưỡng các bài Lý luận Chính trị cho Đoàn viên năm học 2024 – 2025. Đạt GCN số 607/CN ngày 30/9/2025 của Đảng ủy Ủy ban nhân dân Thành phố, Thành phố Hồ Chí Minh cấp, nội dung: Đã hoàn thành chương trình bồi dưỡng nhận thức về Đảng theo quy định của Trung ương (do Đảng ủy ban nhân dân Thành phố Hồ Chí Minh tổ chức). | I97: Tham gia và đóng góp tích cực cho các hoạt động Câu lạc bộ Học thuật “Tôi – Người giáo viên Tiểu học” | J97: Đạt danh hiệu “Thanh niên khoẻ” trường Đại học Sài Gòn năm 2024 | K97: Chương trình “Tiếp sức mùa thi 2025” Chiến dịch Xuân tình nguyện trường Đại học Sài Gòn lần thứ 17 - năm 2025, từ ngày 22/12/2024 đến ngày 25/01/2025 (nhằm ngày 26 tháng Chạp Âm lịch) 04 ngày: Chương trình “Tiếp sức mùa thi 2025” 01 ngày: Giấy chứng nhận đã tham gia chương trình Thứ Bảy tình nguyện “Điều ước của em” tại Mái âm Tâm Đức và Mái ấm Tân Bình 01 ngày: Tham gia Thứ Bảy tình nguyện “Em vẽ ước mơ” tại mái ấm Từ Hạnh 01 ngày: Chương trình Thứ Bảy tình nguyện “Hoa yêu thương” tại mái ấm Bình An và Từ Hạnh | L97: Cuộc thi Tiếng anh: BECOMING GLOBAL V – “RISE OF THE WISE” khoa Giáo dục Tiểu học và đạt “Giải Khuyến khích”. Giấy chứng nhận “Đã tham gia tích cực Ngày hội Tân Sinh viên "SGU's Day" năm 2024 và xuất sắc hoàn thành nhiệm vụ tại Khu vực "ASEAN Explorer - Sinh viên Đại học Sài Gòn tự tin hội nhập". Sân chơi “Sắc màu văn hoá: EXPLORE THE WORLD – LIVE THE CULTURE” Toạ đàm “Sơ cứu cấp cứu – Hành trang học đường” Chương trình “Toạ đàm ứng dụng Stem trong dạy học” Toạ đàm “Ứng dụng trí tuệ nhân tạo (AI) trong dạy học”. Chương trình “RUNG CHUÔNG VÀNG – VƯỢT RÀO CẢN – SÁNG TƯƠNG LAI”. | N97: ĐẠT | O97: PHẠM THỊ NHI - 3123150116 - GIÁO DỤC TIỂU HỌC - BẢNG KHAI THÀNH TÍCH.docx | P97: PHẠM THỊ NHI - 3123150116 - GIÁO DỤC TIỂU HỌC - MINH CHỨNG THÀNH TÍCH.docx
A98: 93 | B98: Võ Minh Quyền | C98: 3123150135 | D98: GIÁO DỤC TIỂU HỌC | E98: =VLOOKUP(C98,'Trang tính3'!$B$10:$H$377,7,0) -> 94 | F98: =VLOOKUP(C98,'Trang tính2'!$B$1:$D$175,3,0) -> 3.52 | H98: Đạt danh hiệu “Thanh niên tiên tiến làm theo lời Bác” cấp khoa (Thời gian tuyên dương: 13/04/2025).. Đạt GCN số 05-CN/ĐTN-BTC ngày 26/3/2025 của Ban Thường vụ Đoàn trường Đại học Sài Gòn, nội dung: Đã hoàn thành Chương trình Bồi dưỡng các bài Lý luận Chính trị cho Đoàn viên năm học 2024 – 2025. Hành trình về nguồn “Du hành Sử kí” (cấp tổ chức: Khoa Giáo dục Tiểu học; địa điểm: Khu tưởng niệm Liệt sĩ Ngã Ba Giồng, thời gian: 17/5/2025). | I98: Đã tham gia đóng góp tích cực cho các hoạt động của CLB Học thuật “Tôi - Người giáo viên Tiểu học” trong Học kì 1 năm học 2024 - 2025. Thành viên BCN CLB “Sinh viên 5 tốt” HKI năm học 2024 - 2025. Thành viên BCN CLB “Sinh viên 5 tốt” HKII năm học 2024 - 2025. | J98: Đạt danh hiệu “Thanh niên khoẻ” trường Đại học Sài Gòn năm 2024 - Ngày hội Tân Sinh viên “SGU’s Day năm 2024; | K98: Tham gia chiến dịch Xuân tình nguyện trường Đại học Sài Gòn lần thứ 17 - Từ ngày 22/12/2024 đến ngày 25/01/2025 Tham gia Tiếp sức mùa thi Đại học Sài Gòn 2025 (Thời gian diễn ra: Từ 25/6 đến 28/6/2025). Tham gia chiến dịch Xuân tình nguyện trường Đại học Sài Gòn lần thứ 17 - Từ ngày 22/12/2024 đến ngày 25/01/2025 - 23 buổi. Chương trình thứ bảy tình nguyện - "Lớp học sắc màu" - ngày 16/11/2024 (Thứ Bảy) - 1 ngày Tham gia Tiếp sức mùa thi Đại học Sài Gòn 2025 (Thời gian diễn ra: Từ 25/6 đến 28/6/2025) - 3 buổi. Tham gia chương trình Ngày Chủ Nhật Xanh “Save Water – Stay Green” – Giữ nước sạch – Cho cuộc sống xanh - 1 ngày. | L98: Chứng chỉ IELTS (Nơi cấp: British Council, năm đạt được: 2023) Minh chứng điểm trung bình các học phần Ngoại ngữ (trừ môn Ngoại ngữ chuyên ngành): 10.0 Cuộc thi “Becoming Global V - Rise of the Wise” khoa Giáo dục Tiểu học (Thời gian diễn ra: từ ngày 16/3/2025 đến ngày 30/3/2025 - Vai trò: người tham gia). Đạt chứng chỉ Tin học Microsoft Office Specialist - Office Word 2013. Giấy chứng nhận tham gia cuộc thi “Nét chữ tài hoa” Tham gia chương trình “Sắc màu Văn hoá: Explore the World - Live the Culture”. Tham gia và đạt Danh hiệu Hội nhập tốt - Ngày hội Tân Sinh viên “SGU’s Day” năm 2024 (Thời gian diễn ra: 05/10/2021 - Vai trò: Người tham gia). | N98: ĐẠT | O98: VÕ MINH QUYỀN - 3123150135 - GDTH - BẢNG KHAI THÀNH TÍCH.docx | P98: VÕ MINH QUYỀN - 3123150135 - GDTH - MINH CHỨNG THÀNH TÍCH.docx
A99: 94 | B99: Đỗ Minh Thy | C99: 3123150167 | D99: GIÁO DỤC TIỂU HỌC | E99: =VLOOKUP(C99,'Trang tính3'!$B$10:$H$377,7,0) -> 99 | F99: =VLOOKUP(C99,'Trang tính2'!$B$1:$D$175,3,0) -> 3.89 | H99: - Đạt GCN số 05-CN/ĐTN-BTC ngày 26/3/2025 của Ban Thường vụ Đoàn trường Đại học Sài Gòn, nội dung: Đã hoàn thành Chương trình Bồi dưỡng các bài Lý luận Chính trị cho Đoàn viên năm học 2024 – 2025; - Đạt danh hiệu “Thanh niên tiên tiến làm theo lời Bác” (cấp tổ chức: Khoa Giáo dục Tiểu học, tuyên dương vào ngày 13/4/2025); - Tham gia sinh hoạt chính trị với chủ đề “HÀNH TRÌNH NGƯỜI CỘNG SẢN” (cấp khoa); - Đạt GCN số 603/CN ngày 30/9/2025 của Đảng ủy Ủy ban nhân dân Thành phố, Thành phố Hồ Chí Minh cấp, nội dung: Đã hoàn thành chương trình bồi dưỡng nhận thức về Đảng theo quy định của Trung ương (do Đảng ủy ban nhân dân Thành phố Hồ Chí Minh tổ chức); - Hành trình về nguồn “Du hành Sử kí” (cấp tổ chức: Khoa Giáo dục Tiểu học; địa điểm: Khu tưởng niệm Liệt sĩ Ngã Ba Giồng, thời gian: 17/5/2025); | I99: - BTC Cuộc thi Rung chuông vàng “Vượt rào cản – Sáng tương lai”; cấp tổ chức: Câu lạc bộ Học thuật “Tôi – Người Giáo viên Tiểu học”, Câu lạc bộ Sách “Ươm mầm tri thức”, Đoàn khoa Giáo dục Tiểu học (13/4/2025); - Tham gia Câu lạc bộ học thuật "Tôi – Người Giáo viên Tiểu học” và nhận Giấy chứng nhận “Đã tham gia đóng góp tích cực cho các hoạt động của Câu lạc bộ Học kì 1 năm 2024 – 2025”; | J99: - Đạt danh hiệu “Thanh niên khỏe” trường Đại học Sài Gòn, năm học 2024 – 2025; - Đạt GCN “Đã tích cực tham gia Hội thao “YOUTH ENERGY – SỨC TRẺ KHOA GIÁO DỤC TIỂU HỌC” và đạt danh hiệu “Thanh niên khỏe khoa Giáo dục Tiểu học năm học 2024 – 2025” | K99: - 1 ngày tham gia chương trình Thứ Bảy tình nguyện “Điều ước của em”; - 1 ngày tham gia chương trình Thứ Bảy tình nguyện “Em vẽ ước mơ”; - 1 ngày tham chương trình Thứ Bảy tình nguyện “Sân chơi khoa học dành cho thiếu nhi”; - 1 ngày tham gia chương trình Thứ Bảy tình nguyện “Lớp học sắc màu”; - 1 ngày tham gia chương trình Ngày Chủ Nhật Xanh “Save Water – Stay Green” – Giữ nước sạch – Cho cuộc sống xanh; - 1 ngày tham gia hoạt động online Tiếp sức mùa thi 2025; - Tham gia Chiến dịch Xuân tình nguyện 2025, trường Đại học Sài Gòn lần thứ 17 (Thời gian từ: 05/01/2025 – 25/01/2025); | L99: - Becoming Global V (đơn vị tổ chức: Đoàn Hội Khoa Giáo dục Tiểu học, CLB “Sinh viên 5 tốt”; đạt “Giải Khuyến khích”; - Tham gia tọa đàm “Sơ cứu cấp cứu – Hành trang học đường” (nội dung: về các kĩ năng sơ cứu cấp cứu khi gặp trong trường học). - Tham gia tọa đàm “Ứng dụng STEM trong dạy học” (nội dung: về ứng dụng STEM vào các mộn dạy học cho học sinh Tiểu học); - Đạt Giấy chứng nhận “Xuất sắc hoàn thành nhiệm vụ tại khu vực ASEAN EXPLORER - SINH VIÊN ĐẠI HỌC SÀI GÒN TỰ TIN HỘI NHẬP” (5/10/2024); - Chứng chỉ ngoại ngữ đã đạt; - Ứng dụng công nghệ thông tin trong dạy học (nội dung: các kĩ năng thiết kế bài giảng và các phần mềm hỗ trợ dạy học; nơi cấp: Trung tâm Tin học – Ngoại ngữ trường Đại học Sài Gòn, năm đạt được: 2025); - Ban Chấp hành Đoàn trường tặng Giấy khen “Đã có đóng góp tích cực trong công tác Đoàn và phong trào thanh niên Trường Đại học Sài Gòn năm học 2024 – 2025” (cấp trường); - Giấy khen “Đã có đóng góp tích cực trong hoạt động Tháng Thanh niên trường Đại học Sài Gòn năm 2025, chủ đề “Tuổi trẻ trường Đại học Sài Gòn tự hào, vững tin theo Đảng” (cấp trường); - Đoàn – Hội khoa khen thưởng Giấy chứng nhận “đã tham gia và đóng góp tích cực cho các hoạt động của Đoàn – Hội khoa Giáo dục Tiểu học trong HKI, HKII, năm học 2024 - 2025” (cấp khoa); - Sân chơi “Sắc màu văn hóa: Explore the world – Live the culture (đơn vị tổ chức: Khoa Giáo dục Tiểu học, Câu lạc bộ “Sinh viên 5 tốt”; Địa điểm: Trường Đại học Sài Gòn; Thời gian: 10/5/2025; | N99: ĐẠT | O99: ĐỖ MINH THY - 3123150167- GDTH - BẢNG KHAI THÀNH TÍCH (1).docx | P99: ĐỖ MINH THY - 3123150167 - GDTH - MINH CHỨNG THÀNH TÍCH (1).docx
A100: 95 | B100: Trần Thị Lan Anh | C100: 3123150015 | D100: GIÁO DỤC TIỂU HỌC | E100: =VLOOKUP(C100,'Trang tính3'!$B$10:$H$377,7,0) -> 91 | F100: =VLOOKUP(C100,'Trang tính2'!$B$1:$D$175,3,0) -> 3.33 | H100: Giấy chứng nhận danh hiệu “Thanh niên tiên tiến Khoa Giáo dục Tiểu học làm theo lời Bác” năm học 2024 – 2025 Tham gia “Hành trình về nguồn – Du hành sử kí” | I100: Giấy chứng nhận thành viên CLB “Sinh viên 5 tốt” | J100: Danh hiệu “Thanh niên khỏe” trường Đại học Sài Gòn năm học 2024 – 2025 | K100: - Tham gia Chiến dịch Xuân tình nguyện 2025, trường Đại học Sài Gòn lần thứ 17 (Thời gian từ: 05/01/2025 – 25/01/2025) - Chiến dịch tình nguyện Mùa hè xanh trường Đại học Sài Gòn lần thứ 32 - năm 2025 (Tháng 7 – 8/2025); - Chương trình “Tiếp sức mùa thi ĐGNL” năm 2025 – Cấp tổ chức: Thành phố Hồ Chí Minh (Tháng 5 – 6/2025) tại Trường Đại học Sài Gòn; – 01 ngày: Chương trình Thứ 7 tình nguyện – “Em vẽ ước mơ” – Cấp tổ chức: CLB Tình nguyện “Trái Tim Vàng” – Đoàn – Hội khoa Giáo dục Tiểu học (19/10/2024); – 01 ngày Thứ Bảy tình nguyện “Hoa yêu thương” – Cấp tổ chức: CLB Tình nguyện “Trái Timn Vàng” – Liên Chi hội Sinh viên khoa Giáo dục Tiểu học (01/03/2025); | L100: - Giải Khuyến khích Cuộc thi “Becoming Global V” – Cấp tổ chức: Câu lạc bộ “Sinh viên 5 tốt”, LCH SV khoa Giáo dục Tiểu học (Ngày 16/3 - 30/3/2025). - Hoàn thành xuất sắc nhiệm vụ tại Khu vực “ASEAN Explorer - Sinh viên Đại học Sài Gòn tự tin hội nhập” (Ngày 02/10/2024); - Tọa đàm “Sơ cứu học đường - Hành trang vững bước” - Cấp tổ chức: Liên Chi hội Sinh viên khoa Giáo dục Tiểu học (Ngày 30/11/2024). - Chứng chỉ Ứng dụng Công nghệ thông tin trong dạy học (Nơi cấp: Trung tâm Ngoại ngữ - Tin học trường Đại học Sài Gòn; Năm đạt được: Năm 2025). - Giấy khen số 16/QDD-BTK ngày 15/4/2025 của Ban Chấp hành Hội sinh viên trường Đại học Sài Gòn, nội dung: Đã đạt danh hiệu Cán bộ Hội tiêu biểu năm học 2024 – 2025; - Giấy Chứng nhận số 48-QĐKT/ĐTN-VP, ngày 23/10/2025 của Ban Chấp hành Hội sinh viên trường Đại học Sài Gòn, nội dung: Đã có thành tích xuất sắc trong công tác Hội và phong trào sinh viên trường Đại học Sài Gòn năm học 2024 – 2025; - Giải Khuyến khích Cuộc thi “Becoming Global V” – Cấp tổ chức: Câu lạc bộ “Sinh viên 5 tốt”, LCH SV khoa Giáo dục Tiểu học (Ngày 16/3 - 30/3/2025). - Tham gia Sân chơi “Sắc màu văn hóa: Explore The World – Live The Culture” - Hoàn thành xuất sắc nhiệm vụ tại Khu vực “ASEAN Explorer - Sinh viên Đại học Sài Gòn tự tin hội nhập” (Ngày 02/10/2024); | N100: ĐẠT | O100: TRẦN THỊ LAN ANH - 3123150015 - BẢNG KHAI THÀNH TÍCH CÁ NHÂN - 2024-2025 (1).docx | P100: TRẦN THỊ LAN ANH - 3123150015 - KHOA GIÁO DỤC TIỂU HỌC - MINH CHỨNG THÀNH TÍCH.docx
A101: 96 | B101: Võ Quang Mỹ | C101: 3123150092 | D101: GIÁO DỤC TIỂU HỌC | E101: =VLOOKUP(C101,'Trang tính3'!$B$10:$H$377,7,0) -> 100 | F101: =VLOOKUP(C101,'Trang tính2'!$B$1:$D$175,3,0) -> 3.61 | H101: Giấy chứng nhận đã tham gia “Hành trình về nguồn – Du hành sử kí” | I101: Giấy chứng nhận thành viên Ban Chủ nhiệm Câu lạc bộ Học thuật “Tôi - Người Giáo viên Tiểu học” | J101: Danh sách hội thao truyền thống sinh viên Đại học Sài Gòn, môn bóng rổ Biên bản thi đấu môn bóng rổ, hội thao truyền thống sinh viên Đại học Sài Gòn Minh chứng Giải ba Hội thao truyền thống sinh viên Đại học Sài Gòn, môn bóng rổ | K101: Chiến dịch Xuân tình nguyện, thời gian diễn ra: 22/12/2024 – 25/01/2025 Minh chứng tham gia Chiến dịch Mùa hè xanh, đội hình Ôn tập hè Danh sách tham gia trình diễn nghệ thuật Chào mừng Lễ kỷ niệm 50 năm Giải phóng miền Nam, thống nhất đất nước (30-4-1975/ 30-4-2025), số thứ tự: 71 | L101: Chứng chỉ ngoại ngữ bậc 4 (trình độ B2) theo Khung năng lực ngoại ngữ 6 bậc dùng cho Việt Nam, nơi cấp: trường Đại học Sài Gòn, năm đạt được: 2025. Danh sách Ban tổ chức chương trình “Toạ đàm ứng dụng STEM trong dạy học” Danh sách Ban tổ chức Toạ đàm “Ứng dụng trí tuệ nhân tạo (AI) trong dạy học” Giấy khen CLB Học thuật “Tôi - Người Giáo viên Tiểu học” đã có thành tích tốt trong công tác Đoàn và phong trào thanh niên trường Đại học Sài Gòn năm học 2024 – 2025. Giấy khen Giải ba Hội thi Nghiệp vụ sư phạm cấp khoa Danh sách Ban tổ chức Cuộc thi “Rung chuông vàng - Vượt rào cản, sáng tương lai”, số thứ tự 30 Giấy chứng nhận đã tham gia sân chơi “Sắc màu văn hoá: Explore the world – live the culture” Danh sách tham gia trình diễn nghệ thuật Chào mừng Lễ kỷ niệm 50 năm Giải phóng miền Nam, thống nhất đất nước (30-4-1975/ 30-4-2025), số thứ tự: 71 | N101: ĐẠT | O101: VÕ QUANG MỸ - 3123150092 - GDTH - BẢNG KHAI THÀNH TÍCH.docx | P101: VÕ QUANG MỸ - 3123150092 - GDTH - MINH CHỨNG THÀNH TÍCH.docx
...

Sheet HS Trình
A1: HỘI SINH VIÊN VIỆT NAM TP. HỒ CHÍ MINH BCH TRƯỜNG ĐẠI HỌC SÀI GÒN ____
A2: TỔNG HỢP VÀ PHÂN LOẠI HỒ SƠ TRÌNH HỘI ĐỒNG XÉT DUYỆT DANH HIỆU "SINH VIÊN 5 TỐT" CẤP TRƯỜNG
A3: STT | B3: STT DS | C3: HỌ VÀ TÊN | D3: MSSV | E3: KHOA | F3: ĐIỂM RÈN LUYỆN | G3: ĐIỂM HỌC TẬP | H3: SĐT | I3: ĐẠT TIÊU CHUẨN | N3: TIÊU BIỂU | O3: PHÂN LOẠI | P3: LINK HỒ SƠ | R3: GHI CHÚ
I4: ĐẠO ĐỨC | J4: HỌC TẬP | K4: THỂ LỰC | L4: TÌNH NGUYỆN | M4: HỘI NHẬP | P4: BẢNG KHAI | Q4: MINH CHỨNG
A6: 1 | B6: 1 | C6: Diệp Thụy An | D6: 3122410001 | E6: CÔNG NGHỆ THÔNG TIN | F6: =VLOOKUP(D6,'Trang tính3'!$B$10:$H$377,7,0) -> 99 | G6: =VLOOKUP(D6,'Trang tính2'!$B$1:$D$175,3,0) -> 3.62 | I6: Minh chứng giấy khen của Ban Thường vụ Đoàn trường về đạt danh hiệu Thanh niên tiên tiến Trường Đại học Sài Gòn làm theo lời Bác năm học 2024 – 2025. | J6: Minh chứng thành viên Ban chủ nhiệm câu lạc bộ Khoa Học Thông tin năm học 2024 - 2025. | K6: Minh chứng danh hiệu “Thanh niên khỏe” năm 2025 Minh chứng tham gia Hội thao truyền thống sinh viên Đại học Sài Gòn. | L6: 1 ngày: Tham gia chương trình tình nguyện “Niềm vui đêm trăng rằm 2024” tại Trường Phổ thông đặc biệt Nguyễn Đình Chiểu. + 1 ngày: Tham gia “Thứ 7 tình nguyện” khoa Công nghệ thông tin ngày 25/11/2024. + 1 ngày: Tham gia “Chủ nhật xanh” khoa Công nghệ thông tin ngày 26/09/2024. + 1 ngày: Tham gia và tổ chức chương trình tình nguyện “Niềm vui đêm trăng rằm 2025” tại Trường Phổ thông đặc biệt Nguyễn Đình Chiểu ngày 03/10/2025. + 1 ngày: Tham gia “Chủ nhật xanh” khoa Công nghệ thông tin ngày 26/10/2025. + 1 ngày: Tham gia và hỗ trợ tổ chức Chương trình tình nguyện “Xịn xuân” tại Trường Phổ thông đặc biệt Nguyễn Đình Chiểu, 2025 + 2 ngày: Tham gia hỗ trợ và tổ chức chương trình Cuộc thi Hackathon SGU năm học 2025 - 2026. | M6: Minh chứng chứng chỉ TOEIC 730 được cấp bởi IIG Việt Nam ngày 22/10/2025. Minh chứng giấy xác nhận kết quả TOEIC 730 được cấp bởi IIG Việt Nam ngày 22/10/2025. Minh chứng tham gia English Fiesta 2025, The Winner 2025. Minh chứng tham gia Chuyên đề “"Ứng dụng kỹ năng số cho sinh viên Trường Đại học Sài Gòn" năm 2024” ngày 28/11/2024. Minh chứng được giấy khen đã có đóng góp tích cực trong công tác Đoàn và phong trào thanh niên Trường Đại học Sài Gòn năm học 2024 - 2025. Minh chứng tham gia English Fiesta 2025, The Winner 2025 - Vòng loại, ngày: 20-28/9/2025. Minh chứng tham gia Workshop “Định hướng nghề nghiệp trong Công nghệ Thông tin, cơ hội và thách thức cùng IDS”, ngày 25/10/2025. Minh chứng tham gia chuyên đề "Ứng dụng kỹ năng số cho sinh viên Trường Đại học Sài Gòn", ngày 28/11/2024. Minh chứng tham gia Workshop Cellphones X MSI Scamp 2024, ngày 19/09/2024. | O6: ĐẠT | P6: DIỆP THỤY AN - 3122410001 - CÔNG NGHỆ THÔN TIN - BẢNG KHAI THÀNH TÍCH.docx | Q6: DIỆP THỤY AN - 312241001 - CÔNG NGHỆ THÔNG TIN - MINH CHỨNG THÀNH TÍCH.docx | R6: 27 SV5T KHOA 3 SV5TTB KHOA
A7: 2 | B7: 2 | C7: Đặng Quốc Việt | D7: 3124530108 | E7: GIÁO DỤC | F7: 98 | G7: 3.66 | I7: Giấy chứng nhận tham gia cuộc thi trực tuyến “Tự hào Việt nam” Giấy chứng nhận tham gia và đạt giải Nhất cuộc thi “Giới thiệu các tác phẩm về Bác” năm 2025 | J7: Giấy chứng nhận hoạt động tích cực CLB học thuật khoa Giáo dục | K7: Giấy chứng nhận tham gia Hội thao Đảng viên năm 2025 | L7: Giấy chứng nhận tham gia Chiến dịch Xuân tình nguyện Trường Đại học Sài Gòn lần thứ 17 - năm 2025 Giấy chứng nhận tham gia Chương trình Tiếp sức mùa thi năm 2025 | M7: Chứng chỉ Tiếng Anh VSTEP B1 Giấy chứng nhận hoàn thành khóa Tập huấn Kỹ năng AI dành cho cán bộ Đoàn - Hội Giấy chứng nhận Tham gia Ngày hội sinh viên với ngoại ngữ năm 2025 chủ đề “Genzith HORIZON” do Trung tâm Hỗ trợ học sinh, sinh viên TP.HCM tổ chức, | O7: ĐẠT | P7: ĐẶNG QUỐC VIỆT - 3124530108 - KHOA GIÁO DỤC - BẢNG KHAI THÀNH TÍCH (1).docx | Q7: ĐẶNG QUỐC VIỆT - 3124530108 - KHOA GIÁO DỤC - MINH CHỨNG THÀNH TÍCH (1).docx | R7: 30 SV5T KHOA 07 SV5TTB KHOA
A8: 3 | B8: 3 | C8: Nguyễn Thị Bảo Trâm | D8: 3124460039 | F8: 95 | G8: 3.38 | I8: Tham gia cuộc thi trực tuyến tìm hiểu pháp luật an toàn giao thông "Hiểu đúng - Làm trúng" Tham gia cuộc thi trực tuyến "Vinh quang Quân Kỳ Quyết Thắng" - tuần 1 Tham gia cuộc thi trực tuyến "Vinh quang Quân Kỳ Quyết Thắng" - tuần 2 Tham gia cuộc thi trực tuyến "Vinh quang Quân Kỳ Quyết Thắng" - tuần 3 Tham gia “SGU_Thi tìm hiểu Luật thanh niên năm 2025” - đợt 2 Tham gia cuộc thi trắc nghiệm tương tác trực tuyến tìm hiểu về 80 năm ngày tổng tuyển cử đầu tiên bầu Quốc hội Việt Nam (06/01/1946 - 06/01/2026) - Tuần 15: Trách nhiệm và quyền lợi của cử tri đối với Quốc hội Tham gia cuộc thi trắc nghiệm tương tác trực tuyến tìm hiểu về 80 năm ngày tổng tuyển cử đầu tiên bầu Quốc hội Việt Nam - Tuần 16: Quốc hội với công tác dân nguyện: Tham gia cuộc thi trắc nghiệm tương tác trực tuyến tìm hiểu về 80 năm ngày tổng tuyển cử đầu tiên bầu Quốc hội Việt Nam - Tuần 17: Quốc hội với công tác quốc phòng an ninh Tham gia Talkshow “Hành trình Đoàn viên tiêu biểu: Lý tưởng - Trải nghiệm - Thành công” Tham gia Minigame 2/9 “Hướng về 80 năm Ngày Quốc Khánh nước Cộng hoà xã hội chủ nghĩa Việt Nam”: Tham gia Minigame “Giáo dục sử ký”; | J8: Minh chứng tham gia câu lạc bộ học thuật cấp khoa - Câu lạc bộ Học thuật khoa Giáo dục – The PEM Club | K8: Minh chứng “Thanh niên khỏe”: | L8: Minh chứng được khen thưởng từ cấp trường trở lên về hoạt động tình nguyện: Giấy khen từ Uỷ ban nhân dân phường Chợ Lớn vì là chiến sĩ tình nguyện Trường Đại học Sài Gòn đã có thành tích xuất sắc trong hoạt động hè năm 2025 trên địa bàn phường Chợ Lớn. Minh chứng tham gia chương trình “Góp mì cho em”: 1 ngày, ngày 15/5/2024 Minh chứng tham gia chương trình “Học bổng sẻ chia: 1 ngày, ngày 18/5/2024 Minh chứng tham gia chương trình “Cho em đến trường”: 1 ngày, ngày 21/6/2024 Minh chứng tham gia chương trình Tiếp sức mùa thi năm 2025: 5 ngày, ngày 22,23,25,26,27/6/2025 Minh chứng tham gia chiến dịch mùa hè xanh lần thứ 32 - năm 2025 Trường Đại học Sài Gòn: 30 ngày, từ ngày 03/7/2025 đến 03/8/2025 Minh chứng tham gia chương trình "Trung thu cho em - Gửi yêu thương, trao nụ cười": 1 ngày, ngày 06/10/2025 | M8: Minh chứng chứng chỉ tiếng Anh: Aptis ESOL (General) B2 Minh chứng được Đoàn Thanh niên - Hội Sinh viên từ cấp trường trở lên khen thưởng về thành tích xuất sắc trong công tác Đoàn và phong trào thanh niên hoặc công tác Hội và phong trào sinh viên năm học 2024 - 2025: Giấy khen từ Uỷ ban nhân dân phường Chợ Lớn vì là chiến sĩ tình nguyện Trường Đại học Sài Gòn đã có thành tích xuất sắc trong hoạt động hè năm 2025 trên địa bàn phường Chợ Lớn. Tham gia tích cực Ngày hội Tân Sinh viên “SGU’s Day” năm 2024 và xuất sắc hoàn thành nhiệm vụ tại Khu vực “ASEAN Explorer - Sinh viên Đại học Sài Gòn tự tin hội nhập” Minh chứng tham gia Ngày hội sinh viên sinh viên với ngoại ngữ năm 2025 chủ đề “GenZith HORZION” Minh chứng được khen thưởng từ cấp trường trở lên về hoạt động tình nguyện hoặc tham gia hiến máu tình nguyện: Giấy khen từ Uỷ ban nhân dân phường Chợ Lớn vì là chiến sĩ tình nguyện Trường Đại học Sài Gòn đã có thành tích xuất sắc trong hoạt động hè năm 2025 trên địa bàn phường Chợ Lớn Minh chứng đạt chứng chỉ tiếng Anh trình độ B1 (theo khung tham chiếu châu Âu) hoặc tương đương B1 hoặc chứng chỉ ngoại ngữ khác ở trình độ tương đương trở lên (không xét thời hạn của chứng chỉ): Chứng chỉ tiếng Anh Aptis ESOL (General) B2 | O8: ĐẠT | P8: NGUYỄN THỊ BẢO TRÂM - 3124460039 - KHOA GIÁO DỤC - BẢNG KHAI THÀNH TÍCH..docx | Q8: NGUYỄN THỊ BẢO TRÂM - 3124460039 - KHOA GIÁO DỤC - MINH CHỨNG THÀNH TÍCH.docx
A9: 4 | B9: 4 | C9: Hồ Anh Thư | D9: 3121200023 | E9: GIÁO DỤC CHÍNH TRỊ | F9: =VLOOKUP(D9,'Trang tính3'!$B$10:$H$377,7,0) -> 98 | G9: =VLOOKUP(D9,'Trang tính2'!$B$1:$D$175,3,0) -> 3.33 | I9: - Điển hình Thanh niên tiên tiến làm theo lời Bác khoa Giáo dục Chính trị năm học 2024 – 2025. - Thanh niên tiên tiến trường Đại học Sài Gòn làm theo lời Bác năm học 2024 – 2025. - Bài kỷ yếu trong Tọa đàm Bảo vệ nền tảng tư tưởng của Đảng trong đoàn viên, thanh niên thành phố Hồ Chí Minh chủ đề “Chúng tôi sẵn sàng”. | J9: - KLTN: Sử dụng sơ đồ tư duy trong dạy học môn Giáo dục kinh tế và pháp luật 10; xếp loại: Tốt. | K9: - Đạt danh hiệu “Thanh niên khỏe” trường Đại học Sài Gòn năm 2024. | L9: - Đề xuất bằng khen HSV TP về việc có thành tích xuất sắc trong CDTN MHX 2025 - Chiến dịch Xuân tình nguyện năm 2025 trường Đại học Sài Gòn. - Chiến dịch Mùa hè xanh 2025 trường Đại học Sài Gòn. | M9: - Giấy chứng nhận xuất sắc hoàn thành nhiệm vụ tại khu vực “ASEAN Explorer – Sinh viên Đại học Sài Gòn tự tin hội nhập”. - Chứng chỉ Aptis B1 do Hội đồng Anh cấp ngày 11/6/2025. - Số 304-QĐKT/TĐTN-VP Bằng khen của Thành Đoàn Thành phố Hồ Chí Minh về việc Hoàn thành xuất sắc công tác Đoàn và phong trào thanh niên khu vực trường học thuộc Thành Đoàn năm học 2024 – 2025. | O9: ĐẠT | P9: HỒ ANH THƯ - 3121200023 - GIÁO DỤC CHÍNH TRỊ - BẢNG KHAI THÀNH TÍCH CÁ NHÂN - 2024-2025 | Q9: HỒ-ANH-THƯ-3121200023-GIÁO-DỤC-CHÍNH-TRỊ-BẢNG-MINH-CHỨNG-THÀNH-TÍCH-CÁ-NHÂN-2025.docx | R9: 19 SV5T KHOA 8 SV5TTB KHOA
A10: 5 | B10: 5 | C10: Trần Anh Thư | D10: 3122200012 | F10: =VLOOKUP(D10,'Trang tính3'!$B$10:$H$377,7,0) -> 95 | G10: =VLOOKUP(D10,'Trang tính2'!$B$1:$D$175,3,0) -> 3.78 | I10: Đạt giấy khen tham gia và có thành tích tốt Phần thi bài luận Hội thi Olympic các môn khoa học Mác - Lênin và tư tưởng Hồ Chí Minh trường Đại học Sài Gòn năm 2025. - Đạt danh hiệu Sao tháng thanh niên SGU “Nghĩ đúng sống đẹp” năm 2025. - Đạt danh hiệu “Thanh niên tiên tiến làm theo lời Bác khoa Giáo dục Chính trị năm học 2024- 2025” | J10: - Chủ nhiệm đề tài: Vấn đề Nhà nước trong tác phẩm “Nhà nước và cách mạng” của V.I.Lênin và sự vận dụng vào việc xây dựng Nhà nước pháp quyền xã hội chủ nghĩa ở Việt Nam hiện nay năm 2024 đạt loại xuất sắc. | K10: - Đạt danh hiệu “Thanh niên khỏe” trường Đại học Sài Gòn năm 2024. | L10: - Tham gia Chương trình “Tiếp sức mùa thi” năm 2025 (04 ngày) - Minh chứng 05 ngày tình nguyện: + 1 ngày : Hưởng ứng chủ nhật xanh + 1 ngày: Tình nguyện viên chương trình “CHO EM ĐẾN TRƯỜNG 2” tại xã Cô Tô, An Giang | M10: - Đạt Chứng chỉ Aptis B2 - Tham gia Nghiệp vụ Sư phạm khoa Giáo dục Chính trị - Đạt giấy chứng nhận tham gia Lớp tập huấn Kỹ năng xác định mục tiêu học tập - Đạt giấy chứng nhận Workshop AI thực chiến: Làm chủ công nghệ, bức phá thành công - Đạt giấy chứng nhận hoàn thành Chương trình “Phổ Cập AI” - Đạt giấy chứng nhận đã hoàn thành khóa học “Thanh niên tình nguyện hỗ trợ chính quyền địa phương hai cấp” - Tham gia cuộc thi “Sắc màu Đông Nam Á” - Đạt giấy chứng nhận Ngày hội sinh viên với ngoại ngữ năm 2025 chủ đề “GenZith HORIZON”. | O10: ĐẠT | P10: TRẦN ANH THƯ - 3122200012 - GIÁO DỤC CHÍNH TRỊ - BẢNG KHAI THÀNH TÍCH CÁ NHÂN.docx | Q10: TRẦN ANH THƯ - 3122200012 - GIÁO DỤC CHÍNH TRỊ - MINH CHỨNG THÀNH TÍCH CÁ NHÂN.pdf
A11: 6 | B11: 6 | C11: Võ Cẩm Giang | D11: 3122200003 | F11: =VLOOKUP(D11,'Trang tính3'!$B$10:$H$377,7,0) -> 93 | G11: =VLOOKUP(D11,'Trang tính2'!$B$1:$D$175,3,0) -> 3.90 | I11: - Đạt danh hiệu điển hình Thanh niên tiên tiến làm theo lời Bác Khoa Giáo dục Chính trị năm học 2024 – 2025. - Quyết định số 06 QĐCN/ĐTN-VP ngày 17/04/2025 của Ban Thường Vụ Đoàn Trường – Ban Thư Ký Hội sinh viên trường Đại học Sài Gòn danh hiệu “Sao tháng thanh niên SGU” năm học 2024 – 2025. - Tháng 5/2025: Giải Khuyến khích Hội thi “Học tập và làm theo tư tưởng, đạo đức, phong cách Hồ Chí Minh” – Chủ đề: “Người là niềm tin tất thắng”. - Giấy khen của Đảng ủy Phường 2 “đã tích cực tham gia đợt hoạt động kỷ niệm 135 năm ngày sinh Chủ tịch Hồ Chí Minh (19/05/1890 – 19/05/2025)”. | J11: - Tháng 5/2025: Giấy chứng nhận hoàn thành đề tài NCKH cấp Trường: “Nâng cao ý thức đạo đức của sinh viên Trường Đại học Sài Gòn trong giao tiếp mạng xã hội hiện nay” – Xếp loại Tốt | K11: - Đạt danh hiệu “Thanh niên khỏe” trường Đại học Sài Gòn năm 2024. | L11: Tháng 10/2024: Tham gia Workshop “Tôi chọn sống xanh” (1 lượt) Tháng 11/2024: Tham gia hiến máu tình nguyện (1 lượt) Tháng 05/2025: Tham gia hiến máu tình nguyện (1 lượt) Tháng 7/2025: Tham gia hoạt động “Vì đàn em thân yêu” lần thứ 15 (1 lượt) Tháng 9/2025: Tham gia hoạt động “Trung thu cho em” tại địa bàn Phường Phú Nhuận (1 lượt) Tháng 10/2025: Tham gia gây quỹ “Trung thu yêu thương – Sum vầy” (1 lượt) | M11: Aptis Esol B2 Tháng 5/2025: Giấy chứng nhận hoàn thành phổ cập AI Tháng 11/2024: Tham gia nghiệp vụ sư phạm cấp trường 2023 – 2024. Tháng 11/2024: Tham gia hội thi Nghiệp vụ Sư phạm khoa Giáo dục Chính trị năm 2024. - Tháng 5/2025: Tham gia trực tuyến cuộc thi “Sắc màu Đông Nam Á- Chặng 2: Bản lĩnh ASEAN” | O11: ĐẠT | P11: VÕ CẨM GIANG - 3122200003- KHOA GIÁO DỤC CHÍNH TRỊ - BẢNG KHAI THÀNH TÍCH CÁ NHÂN - 2024-2025.docx | Q11: VÕ CẨM GIANG - 3122200003- KHOA GIÁO DỤC CHÍNH TRỊ - MINH CHỨNG THÀNH TÍCH CÁ NHÂN - 2025 (1).docx
A12: 7 | B12: 7 | C12: Võ Thanh Quyền | D12: 3122200009 | F12: =VLOOKUP(D12,'Trang tính3'!$B$10:$H$377,7,0) -> 97 | G12: =VLOOKUP(D12,'Trang tính2'!$B$1:$D$175,3,0) -> 3.62 | I12: Đạt danh hiệu Sao tháng thanh niên SGU “Nghĩ đúng sống đẹp” năm 2025. Đạt danh hiệu “Thanh niên tiên tiến làm theo lời Bác khoa Giáo dục Chính trị năm học 2024 – 2025” | J12: - Đạt giải nhì “Hội thi tìm hiểu pháp luật trực tuyến năm 2025” do UBND Phường 2, Quận 5 tổ chức. | K12: - Đạt giấy chứng nhận đã tham gia Giải Việt dã Học sinh, Sinh viên TP. Hồ Chí Minh mở rộng năm 2025 Cúp “Chị Ngã Em Nâng” | L12: - Tham gia chương trình “Tiếp sức mùa thi” năm 2025 + Tham gia Ngày tình nguyện “Tôi chọn sống xanh” : 1 lượt + Tham gia hoạt động “Trồng cây gieo yêu thương” : 1 lượt + Tình nguyện viên đã tham gia Lễ đón, Lễ tiễn Tổng Bí thư, Chủ tịch Bước Cộng hòa Dân chủ Nhân dân Lào thăm Thành phố Hồ Chí Minh: 2 lượt + Tham gia lễ ra quân Tuổi trẻ Thành phố Bác xung kích xây dựng văn minh, mỹ quan đô thị: 1 lượt | M12: - Chứng chỉ Aptis B1 - Giấy chứng nhận đã hoàn thành khóa học “ Thanh niên tình nguyện hỗ trợ chính quyền địa phương hai cấp” - Giấy chứng nhận đã hoàn thành Khóa học Ứng dụng AI cho Thanh niên Việt Nam - Giấy chứng nhận đã tham gia chương trình Trang bị Kỹ năng nghề nghiệp - Giấy khen “Đã có đóng góp tích cực trong công tác Đoàn và phong trào thanh niên Trường Đại học Sài Gòn năm học 2024 – 2025” - Tham gia hành trình 5 tốt “Hội nhập cùng ASEAN” - Tháng 5/2025: Tham gia cuộc thi “Sắc màu Đông Nam Á” | O12: ĐẠT | P12: VÕ THANH QUYẾN - 3122200009 - GIÁO DỤC CHÍNH TRỊ - BẢNG KHAI THÀNH TÍCH CÁ NHÂN.docx | Q12: VÕ THANH QUYẾN - 3122200009 - GIÁO DỤC CHÍNH TRỊ - BẢNG KHAI MINH CHỨNG (2).docx
